CRASH_ID,UNIT_NBR,UNIT_DESC_ID,VEH_PARKED_FL,VEH_HNR_FL,VEH_LIC_STATE_ID,VIN,VEH_MOD_YEAR,VEH_COLOR_ID,VEH_MAKE_ID,VEH_MOD_ID,VEH_BODY_STYL_ID,EMER_RESPNDR_FL,OWNR_ZIP,FIN_RESP_PROOF_ID,FIN_RESP_TYPE_ID,VEH_DMAG_AREA_1_ID,VEH_DMAG_SCL_1_ID,FORCE_DIR_1_ID,VEH_DMAG_AREA_2_ID,VEH_DMAG_SCL_2_ID,FORCE_DIR_2_ID,VEH_INVENTORIED_FL,VEH_TRANSP_NAME,VEH_TRANSP_DEST,CONTRIB_FACTR_1_ID,CONTRIB_FACTR_2_ID,CONTRIB_FACTR_P1_ID,VEH_TRVL_DIR_ID,FIRST_HARM_EVT_INV_ID,INCAP_INJRY_CNT,NONINCAP_INJRY_CNT,POSS_INJRY_CNT,NON_INJRY_CNT,UNKN_INJRY_CNT,TOT_INJRY_CNT,DEATH_CNT
14905780,2,MOTOR VEHICLE,N,N,TX,JKAEXMJ159DA40657,NA,RED,KAWASAKI,NA,MOTORCYCLE,N,77083,2,NA,"MOTORCYCLE, SCOOTER, MOPED, ETC. ONLY",DAMAGED 1 MINIMUM,12,NA,NA,NA,N,,,NONE,NA,NA,SOUTH,Y,0,0,1,0,0,1,0
14888810,1,MOTOR VEHICLE,N,N,TX,JKAEXMJ199DA17463,NA,BLU,KAWASAKI,NA,MOTORCYCLE,N,77388,2,NA,FRONT END DAMAGE CONCENTRATED IMPACT,DAMAGED 2,12,FRONT END DAMAGE CONCENTRATED IMPACT,DAMAGED 2,12,N,QUICK TOWING,28075 ROBINSON RD.,DRIVER INATTENTION,FAILED TO CONTROL SPEED,NA,NORTH,Y,0,0,0,1,0,0,0
14854198,1,MOTOR VEHICLE,N,N,TX,JS1GW71A662112726,2006,BLK,SUZUKI,NA,MOTORCYCLE,N,77091,1,PROOF OF LIABILITY INSURANCE,"MOTORCYCLE, SCOOTER, MOPED, ETC. ONLY",DAMAGED 1 MINIMUM,6,"MOTORCYCLE, SCOOTER, MOPED, ETC. ONLY",DAMAGED 1 MINIMUM,5,N,EXPRO COLLISION,"1700 BRITTMOORE HOUSTON, TX 77043",FAILED TO DRIVE IN SINGLE LANE,NA,NA,EAST,Y,0,0,1,0,0,1,0
14917647,4,MOTOR VEHICLE,Y,N,TX,1HD1CLP184K404197,2004,BLK,HARLEY-DAVIDSON,NA,MOTORCYCLE,N,78741,1,PROOF OF LIABILITY INSURANCE,BACK END DAMAGE CONCENTRATED IMPACT,DAMAGED 2,6,FRONT END DAMAGE CONCENTRATED IMPACT,DAMAGED 2,12,N,,,NONE,NA,NA,NORTHEAST,N,0,0,0,0,0,0,0
14888683,1,MOTOR VEHICLE,N,Y,TX,JYARN23E1BA011559,NA,BLK,YAMAHA,NA,MOTORCYCLE,N,79932,2,NA,FRONT END DAMAGE DISTRIBUTED IMPACT,DAMAGED 4,12,RIGHT FRONT QUARTER DAMAGE ANGULAR IMPACT,DAMAGED 2,1,N,DRIVER,TRAFFIC,NONE,NA,NA,SOUTH,Y,0,1,0,0,0,1,0
14909385,2,MOTOR VEHICLE,N,N,TX,1HD1BWB1X5Y085847,2006,RED,HARLEY-DAVIDSON,NA,MOTORCYCLE,N,78723,1,LIABILITY INSURANCE POLICY,DISTRIBUTED LEFT SIDE DAMAGE PARALLEL IMPACT,DAMAGED 3,9,FRONT END (RIGHT)  DAMAGE PARTIAL CONTACT,DAMAGED 1 MINIMUM,3,N,AVILES AND GABES WRECKER,AVILES AND GABES WRECKER,NONE,NA,NA,SOUTH,Y,0,0,1,0,0,1,0
14855642,1,MOTOR VEHICLE,N,N,TX,1HFSC180XTA003776,1996,MAR,HONDA,NA,MOTORCYCLE,N,78207,2,NA,LEFT SIDE DAMAGE ANGULAR IMPACT,DAMAGED 1 MINIMUM,10,LEFT SIDE DAMAGE ANGULAR IMPACT,DAMAGED 2,9,N,TEXAS TOWING,GROWDON POUND,SPEEDING - (OVERLIMIT),NA,NA,WEST,Y,0,1,0,0,0,1,0
14861050,2,MOTOR VEHICLE,N,N,TX,JS1VP53A252105504,2005,BLU,SUZUKI,NA,MOTORCYCLE,N,76549,1,LIABILITY INSURANCE POLICY,FRONT END DAMAGE DISTRIBUTED IMPACT,DAMAGED 4,12,NA,NA,NA,N,ACTION TOWING (254)628-1012,"4305 TRIMMIER  KILLEEN, TX  76542",NONE,NA,NA,SOUTH,Y,0,1,0,0,0,1,0
14899284,1,MOTOR VEHICLE,N,N,TX,1HFSC1806YA400277,2000,BLK,HONDA,UNKNOWN,MOTORCYCLE,N,78541,1,PROOF OF LIABILITY INSURANCE,"MOTORCYCLE, SCOOTER, MOPED, ETC. ONLY",DAMAGED 1 MINIMUM,11,NA,NA,NA,Y,PAPO'S WRECKER,"5 3/4 N. CONWAY MISSION, TX 78572",FAILED TO DRIVE IN SINGLE LANE,UNDER INFLUENCE - ALCOHOL,NA,EAST,Y,1,0,0,0,0,1,0
14901157,2,MOTOR VEHICLE,N,N,TX,JKAEXMJ15CDA99277,NA,RED,KAWASAKI,UNKNOWN,MOTORCYCLE,Y,79762,1,PROOF OF LIABILITY INSURANCE,FRONT END DAMAGE DISTRIBUTED IMPACT,DAMAGED 6,12,NA,NA,NA,N,NEAL POOL,"2714 KEYSTONE, ODESSA TX",NONE,NA,NA,SOUTH,Y,1,0,0,0,0,1,0
14905933,1,MOTOR VEHICLE,N,N,TX,1HD1BFV13EB031479,NA,BLK,HARLEY-DAVIDSON,UNKNOWN,MOTORCYCLE,N,76179,1,PROOF OF LIABILITY INSURANCE,FRONT END (RIGHT)  DAMAGE PARTIAL CONTACT,DAMAGED 1 MINIMUM,NA,FRONT END DAMAGE CONCENTRATED IMPACT,DAMAGED 1 MINIMUM,NA,N,DRIVEN AWAY,BY FRIEND,WRONG SIDE - APPROACH OR INTERSECTION,DRIVER INATTENTION,NA,NORTH,Y,1,0,0,0,0,1,0
14898984,1,MOTOR VEHICLE,N,N,TX,JH2SC570X5M100598,2005,BLK,HONDA,NA,MOTORCYCLE,N,78108,2,NA,"MOTORCYCLE, SCOOTER, MOPED, ETC. ONLY",DAMAGED 1 MINIMUM,12,NA,NA,NA,N,MISSION TOWING,GROWDON POUND,DRIVER INATTENTION,FOLLOWED TOO CLOSELY,UNSAFE SPEED,NORTH,Y,0,1,0,0,0,1,0
14889254,1,MOTOR VEHICLE,N,N,TX,JH2RC4464YK300913,2000,BLK,HONDA,UNKNOWN,MOTORCYCLE,N,77539,1,PROOF OF LIABILITY INSURANCE,DISTRIBUTED LEFT SIDE DAMAGE PARALLEL IMPACT,DAMAGED 1 MINIMUM,9,NA,NA,NA,N,409 WRECKER,WRECKER LOT,FAULTY EVASIVE ACTION,NA,NA,WEST,Y,0,0,1,0,0,1,0
14916274,1,MOTOR VEHICLE,N,N,TX,1HD1GEV162K401587,2002,BLK,HARLEY-DAVIDSON,UNKNOWN,MOTORCYCLE,N,77316,1,LIABILITY INSURANCE POLICY,FRONT END DAMAGE DISTRIBUTED IMPACT,DAMAGED 4,12,RIGHT FRONT QUARTER DAMAGE ANGULAR IMPACT,DAMAGED 2,1,N,STOWES,"STOWES, 21587 EVA, MONTGOMERY, TX 77356",FAULTY EVASIVE ACTION,NA,FAILED TO CONTROL SPEED,EAST,Y,1,0,0,0,0,1,0
14919717,2,MOTOR VEHICLE,N,N,TX,MLHMC4101C5201800,NA,BLU,HONDA,NA,MOTORCYCLE,N,,1,PROOF OF LIABILITY INSURANCE,RIGHT SIDE DAMAGE ANGULAR IMPACT,DAMAGED 1 MINIMUM,2,BACK END DAMAGE DISTRIBUTED IMPACT,DAMAGED 1 MINIMUM,6,N,,,NONE,NA,NA,NORTHWEST,Y,0,1,0,0,0,1,0
14898989,1,MOTOR VEHICLE,N,N,TX,JS1VT54A532104175,2003,SIL,SUZUKI,NA,MOTORCYCLE,N,77872,1,PROOF OF LIABILITY INSURANCE,FRONT END DAMAGE CONCENTRATED IMPACT,DAMAGED 2,12,NA,NA,NA,Y,HUMBLE TOWING,"7821 RANKIN HUMBLE, TX 77396",FAILED TO CONTROL SPEED,NA,FOLLOWED TOO CLOSELY,WEST,Y,0,1,0,0,0,1,0
14902598,1,MOTOR VEHICLE,N,N,TX,1HD4CAM12XK138007,1999,BLK,HARLEY-DAVIDSON,NA,MOTORCYCLE,N,79924,1,PROOF OF LIABILITY INSURANCE,FRONT END DAMAGE DISTRIBUTED IMPACT,DAMAGED 1 MINIMUM,12,NA,NA,NA,N,OWNER,TRAFFIC,FAILED TO CONTROL SPEED,NA,NA,NORTH,Y,0,1,0,0,0,1,0
14896495,1,MOTOR VEHICLE,N,N,TX,1HD1BJL40PY011111,1993,SIL,HARLEY-DAVIDSON,UNKNOWN,MOTORCYCLE,N,78744,1,LIABILITY INSURANCE POLICY,LEFT BACK QUARTER DAMAGE ANGULAR IMPACT,DAMAGED 4,9,NA,NA,NA,N,,,CHANGED LANE WHEN UNSAFE,NA,NA,NORTH,Y,0,0,0,1,0,0,0
14920080,1,MOTOR VEHICLE,N,N,TX,1HD1JL5129Y038802,NA,BLK,HARLEY-DAVIDSON,UNKNOWN,MOTORCYCLE,N,78539,2,NA,"MOTORCYCLE, SCOOTER, MOPED, ETC. ONLY",DAMAGED 1 MINIMUM,12,"MOTORCYCLE, SCOOTER, MOPED, ETC. ONLY",DAMAGED 1 MINIMUM,3,N,BERT OGDEN TOWING,"4221 S BU 281, EDINBURG, TX 78539",FAILED TO DRIVE IN SINGLE LANE,NA,NA,EAST,Y,0,1,0,0,0,1,0
14840537,2,MOTOR VEHICLE,N,N,MX,3H1JC30405D400818,2005,RED,HONDA,NA,MOTORCYCLE,N,0,2,NA,BACK END DAMAGE CONCENTRATED IMPACT,DAMAGED 5,6,"MOTORCYCLE, SCOOTER, MOPED, ETC. ONLY",DAMAGED 1 MINIMUM,6,N,DRIVER,PRIVATE TOW,NONE,NA,NA,EAST,Y,0,1,0,0,0,1,0
14901419,1,MOTOR VEHICLE,N,N,TX,JKBVNAE15WA080841,1998,BLK,KAWASAKI,UNKNOWN,MOTORCYCLE,N,75446,1,PROOF OF LIABILITY INSURANCE,DISTRIBUTED LEFT SIDE DAMAGE PARALLEL IMPACT,DAMAGED 1 MINIMUM,11,DISTRIBUTED RIGHT SIDE DAMAGE PARALLEL IMPACT,DAMAGED 1 MINIMUM,1,N,DRIVER,DRIVEN AWAY,FAILED TO DRIVE IN SINGLE LANE,NA,FAULTY EVASIVE ACTION,SOUTH,Y,0,0,0,1,0,0,0
14916528,1,MOTOR VEHICLE,N,N,FL,JKBVNAA12WA075053,1998,BLK,YAMAHA,UNKNOWN,MOTORCYCLE,N,32210,2,NA,FRONT END (LEFT) DAMAGE PARTIAL CONTACT,NO DAMAGE,12,NA,NA,NA,N,1ST CHOICE/ 936-336-2617,"3920 BEAUMONT, LIBERTY, TX 77575",FAILED TO CONTROL SPEED,NA,NA,EAST,Y,0,0,0,1,0,0,0
14859363,2,MOTOR VEHICLE,N,N,TX,JH2PC4003EK700062,NA,RED,HONDA,NA,MOTORCYCLE,N,78336,1,LIABILITY INSURANCE POLICY,"MOTORCYCLE, SCOOTER, MOPED, ETC. ONLY",DAMAGED 1 MINIMUM,NA,NA,NA,NA,Y,E&J WRECKER SERVICE,102 W HAZLETT AVE,NONE,NA,NA,WEST,Y,1,0,0,0,0,1,0
14853368,1,MOTOR VEHICLE,N,N,TX,1HD1JDB156Y086526,2006,BLK,HARLEY-DAVIDSON,UNKNOWN,MOTORCYCLE,N,76248,1,PROOF OF LIABILITY INSURANCE,RIGHT SIDE DAMAGE ANGULAR IMPACT,DAMAGED 3,2,NA,NA,NA,N,,,FAILED TO CONTROL SPEED,NA,NA,NORTHWEST,Y,0,1,0,0,0,1,0
14874290,2,MOTOR VEHICLE,N,N,TX,1HD1TAN14FB957441,NA,BLU,HARLEY-DAVIDSON,NA,MOTORCYCLE,N,77303,1,PROOF OF LIABILITY INSURANCE,"MOTORCYCLE, SCOOTER, MOPED, ETC. ONLY",DAMAGED 1 MINIMUM,6,NA,NA,NA,N,,,NONE,NA,NA,SOUTHWEST,Y,0,0,0,1,0,0,0
14860782,2,MOTOR VEHICLE,N,N,TX,1HD1GDV1XYY328059,2000,BLK,HARLEY-DAVIDSON,NA,MOTORCYCLE,N,77707,1,LIABILITY INSURANCE POLICY,"MOTORCYCLE, SCOOTER, MOPED, ETC. ONLY",DAMAGED 1 MINIMUM,12,NA,NA,NA,N,TOP GUN WRECKER,WRECKER LOT,NONE,NA,NA,NORTH,Y,1,0,0,0,0,1,0
14867443,3,MOTOR VEHICLE,Y,N,TX,1HD1KHM11CB645571,NA,YEL,HARLEY-DAVIDSON,UNKNOWN,MOTORCYCLE,N,79761,1,PROOF OF LIABILITY INSURANCE,"MOTORCYCLE, SCOOTER, MOPED, ETC. ONLY",DAMAGED 1 MINIMUM,1,NA,NA,NA,N,,,NONE,NA,NA,NORTHEAST,N,0,0,0,0,0,0,0
14891260,2,MOTOR VEHICLE,N,N,TX,1HD1GEL17VY321817,1997,RED,HARLEY-DAVIDSON,UNKNOWN,MOTORCYCLE,N,77316,1,PROOF OF LIABILITY INSURANCE,FRONT END DAMAGE DISTRIBUTED IMPACT,DAMAGED 4,12,NA,NA,NA,N,NOT TOWED,NOT TOWED,NONE,NA,NA,SOUTH,Y,0,0,0,1,0,0,0
14909455,2,MOTOR VEHICLE,N,N,TX,JKBVNKA185A014214,2005,BLK,KAWASAKI,NA,MOTORCYCLE,N,78660,1,PROOF OF LIABILITY INSURANCE,RIGHT SIDE DAMAGE ANGULAR IMPACT,DAMAGED 1 MINIMUM,3,DISTRIBUTED LEFT SIDE DAMAGE PARALLEL IMPACT,DAMAGED 2,9,N,MENNOS TOWING,2600 GARDENIA DR,NONE,NA,NA,SOUTH,Y,0,1,0,0,0,1,0
14888611,1,MOTOR VEHICLE,N,N,TX,1HD1JD5157Y032530,2007,BLK,HONDA,NA,MOTORCYCLE,N,95827,1,PROOF OF LIABILITY INSURANCE,FRONT END (LEFT) DAMAGE PARTIAL CONTACT,DAMAGED 2,11,NA,NA,NA,Y,PRO TOW,1006 E MAIN ST,FAILED TO CONTROL SPEED,NA,FAULTY EVASIVE ACTION,SOUTHEAST,Y,0,0,0,1,0,0,0
14888678,2,MOTOR VEHICLE,N,N,TX,JH2PC40078M101884,NA,SIL,HONDA,NA,MOTORCYCLE,N,97205,1,LIABILITY INSURANCE POLICY,FRONT END DAMAGE DISTRIBUTED IMPACT,DAMAGED 2,12,NA,NA,NA,N,AKERS WRECKER,"715 DALLAS DRIVE, DENTON, TX 76202",NONE,NA,NA,SOUTH,Y,0,1,0,0,0,1,0
14894536,2,MOTOR VEHICLE,N,N,TX,JYAVP27E0CA015297,NA,PLE,YAMAHA,UNKNOWN,MOTORCYCLE,N,76036,1,PROOF OF LIABILITY INSURANCE,"MOTORCYCLE, SCOOTER, MOPED, ETC. ONLY",DAMAGED 1 MINIMUM,NA,NA,NA,NA,Y,ACTION WRECKER,"400 DEPUTY MILLER DR, GRANBURY, TX",NONE,NA,NA,NORTH,Y,0,0,0,0,0,0,1
14932523,2,MOTOR VEHICLE,Y,N,TX,JS1GN7DA562119567,2006,RED,SUZUKI,NA,MOTORCYCLE,N,75833,2,NA,"MOTORCYCLE, SCOOTER, MOPED, ETC. ONLY",DAMAGED 1 MINIMUM,3,NA,NA,NA,N,,,NONE,NA,NA,EAST,Y,0,0,0,0,0,0,0
14946617,1,MOTOR VEHICLE,N,N,TX,JYARJ08E76A008163,2006,BLU,YAMAHA,NA,MOTORCYCLE,N,75147,2,NA,LEFT FRONT QUARTER DAMAGE ANGULAR IMPACT,DAMAGED 1 MINIMUM,10,FRONT END DAMAGE DISTRIBUTED IMPACT,DAMAGED 1 MINIMUM,12,N,,,CHANGED LANE WHEN UNSAFE,NA,FAILED TO CONTROL SPEED,WEST,Y,0,1,0,0,0,1,0
14982941,1,MOTOR VEHICLE,N,N,TX,1HD1BJY145Y017506,2005,BLK,HARLEY-DAVIDSON,NA,MOTORCYCLE,N,76528,1,PROOF OF LIABILITY INSURANCE,"MOTORCYCLE, SCOOTER, MOPED, ETC. ONLY",DAMAGED 1 MINIMUM,NA,NA,NA,NA,Y,ACTION TOWING & RECOVERY,"2611 FM 2657  COPPERAS COVE, TX 76522",UNSAFE SPEED,FAILED TO DRIVE IN SINGLE LANE,NA,NORTH,Y,0,1,0,0,0,1,0
14932694,2,MOTOR VEHICLE,N,N,OK,JYAVM01E16A091413,2006,BLU,YAMAHA,UNKNOWN,MOTORCYCLE,N,78758,1,LIABILITY INSURANCE POLICY,FRONT END DAMAGE DISTRIBUTED IMPACT,DAMAGED 3,10,NA,NA,NA,N,LAKESIDE,YARD,NONE,NA,NA,NORTH,Y,1,0,0,0,0,1,1
14966198,1,MOTOR VEHICLE,N,N,OK,1HD1BHY121Y032069,2001,ONG,HARLEY-DAVIDSON,NA,MOTORCYCLE,N,78654,1,PROOF OF LIABILITY INSURANCE,"MOTORCYCLE, SCOOTER, MOPED, ETC. ONLY",DAMAGED 1 MINIMUM,NA,NA,NA,NA,Y,HILL COUNTRY WRECKER,"1239 E HWY 1431, MARBLE FALLS, TX 78654",UNDER INFLUENCE - ALCOHOL,UNDER INFLUENCE - DRUG,NA,NORTH,Y,1,0,0,0,0,1,0
14937631,2,MOTOR VEHICLE,N,N,TX,1HD1KRM15FB661427,NA,WHI,HARLEY-DAVIDSON,NA,MOTORCYCLE,N,77657,1,PROOF OF LIABILITY INSURANCE,"MOTORCYCLE, SCOOTER, MOPED, ETC. ONLY",DAMAGED 1 MINIMUM,NA,NA,NA,NA,Y,BIGBIRD'S WRECKER,"195 S LHS DR, LUMBERTON, TX 77657",NONE,NA,NA,NORTH,Y,0,0,0,0,0,0,1
14980293,2,MOTOR VEHICLE,N,N,TX,ZDM1RANN6CB058227,NA,RED,BUGATTI,UNKNOWN,MOTORCYCLE,N,75703,1,PROOF OF LIABILITY INSURANCE,BACK END DAMAGE DISTRIBUTED IMPACT,DAMAGED 1 MINIMUM,6,NA,NA,NA,N,LIBERTY,LIBERTY,NONE,NA,NA,EAST,Y,0,0,1,0,0,1,0
14930818,2,MOTOR VEHICLE,N,N,TX,2BXNBDD27FV002465,NA,WHI,CAN-AM,NA,MOTORCYCLE,N,75462,1,PROOF OF LIABILITY INSURANCE,FRONT END DAMAGE CONCENTRATED IMPACT,DAMAGED 1 MINIMUM,6,NA,NA,NA,N,NOT TOWED,,NONE,NA,NA,WEST,Y,0,0,0,1,0,0,0
15000073,2,MOTOR VEHICLE,N,N,TX,1HD1BLL19NY014927,1992,BLK,HARLEY-DAVIDSON,NA,MOTORCYCLE,N,76522,1,PROOF OF LIABILITY INSURANCE,"MOTORCYCLE, SCOOTER, MOPED, ETC. ONLY",DAMAGED 1 MINIMUM,NA,NA,NA,NA,Y,ACTION TOWING,"2611 FM 2657, COPPERAS COVE, TX.",UNDER INFLUENCE - ALCOHOL,NA,NA,WEST,Y,0,0,0,0,0,0,2
14938064,1,MOTOR VEHICLE,N,N,TX,JKAZX4R179A013111,NA,BLK,KAWASAKI,NA,MOTORCYCLE,N,79916,1,PROOF OF LIABILITY INSURANCE,RIGHT SIDE DAMAGE ANGULAR IMPACT,DAMAGED 2,3,LEFT SIDE DAMAGE ANGULAR IMPACT,DAMAGED 2,9,N,DEPENDABLE TOWING,11052 MIRAGE,OTHER (EXPLAIN IN NARRATIVE),NA,DRIVER INATTENTION,EAST,Y,0,0,1,0,0,1,0
14925546,2,MOTOR VEHICLE,N,N,TX,1HD1CGP17XK129529,1999,PLE,HARLEY-DAVIDSON,NA,MOTORCYCLE,N,76026,1,PROOF OF LIABILITY INSURANCE,FRONT END DAMAGE DISTRIBUTED IMPACT,DAMAGED 2,12,NA,NA,NA,N,,,NONE,NA,NA,EAST,Y,0,1,0,0,0,1,0
14948767,2,MOTOR VEHICLE,N,N,TX,JKBZXNC149A011682,NA,BLK,KAWASAKI,NA,MOTORCYCLE,N,79936,1,PROOF OF LIABILITY INSURANCE,RIGHT SIDE DAMAGE ANGULAR IMPACT,DAMAGED 2,3,NA,NA,NA,N,DRIVER,TRAFFIC,NONE,NA,NA,NORTHWEST,Y,0,0,1,0,0,1,0
14925263,1,MOTOR VEHICLE,N,N,TX,1HD1BPL13TY040931,1996,BLK,HARLEY-DAVIDSON,NA,MOTORCYCLE,N,75061,1,PROOF OF LIABILITY INSURANCE,"MOTORCYCLE, SCOOTER, MOPED, ETC. ONLY",DAMAGED 1 MINIMUM,12,NA,NA,NA,Y,PRO TOW WRECKER,IRVING AUTO POUND,UNSAFE SPEED,NA,UNDER INFLUENCE - ALCOHOL,WEST,Y,0,1,0,0,0,1,0
14950216,1,MOTOR VEHICLE,N,N,TX,1HD1KEL17GB627906,NA,BLK,HARLEY-DAVIDSON,UNKNOWN,MOTORCYCLE,N,78620,1,PROOF OF LIABILITY INSURANCE,"MOTORCYCLE, SCOOTER, MOPED, ETC. ONLY",DAMAGED 1 MINIMUM,NA,NA,NA,NA,Y,TOWED AWAY BY FAMILY,TOWED AWAY BY FAMILY,UNSAFE SPEED,NA,HAD BEEN DRINKING,NORTHWEST,Y,0,1,0,0,0,1,0
14969512,2,MOTOR VEHICLE,N,N,NA,L1ETCBMJXCA000101,NA,BLK,UNKNOWN,UNKNOWN,MOTORCYCLE,N,75077,2,NA,"MOTORCYCLE, SCOOTER, MOPED, ETC. ONLY",DAMAGED 1 MINIMUM,NA,NA,NA,NA,N,RON'S TOWING SERVICE,"212 W PARKWAY, DENTON, TX 76201",NA,NA,OTHER (EXPLAIN IN NARRATIVE),EAST,Y,1,0,0,0,0,1,0
14966236,1,MOTOR VEHICLE,N,N,TX,1HD1GXM13EC300857,NA,BLK,HARLEY-DAVIDSON,NA,MOTORCYCLE,N,79938,2,NA,FRONT END DAMAGE CONCENTRATED IMPACT,DAMAGED 1 MINIMUM,12,DISTRIBUTED LEFT SIDE DAMAGE PARALLEL IMPACT,DAMAGED 1 MINIMUM,9,N,OWNER,13841 MONTANA,FAILED TO CONTROL SPEED,NA,NA,EAST,Y,0,0,1,0,0,1,0
14961327,2,MOTOR VEHICLE,N,N,TX,1HD1JN512BB029568,NA,BLK,HARLEY-DAVIDSON,UNKNOWN,MOTORCYCLE,N,77511,1,LIABILITY INSURANCE POLICY,DISTRIBUTED LEFT SIDE DAMAGE PARALLEL IMPACT,DAMAGED 5,9,FRONT END DAMAGE DISTRIBUTED IMPACT,DAMAGED 4,12,Y,EASTSIDE WRECKER,"580 DICKINSON RD, ALVIN, TX",NONE,NA,NA,SOUTH,Y,0,0,0,0,0,0,1
14981159,2,MOTOR VEHICLE,N,N,TX,JH2SC6106AK001684,NA,RED,HONDA,UNKNOWN,MOTORCYCLE,N,76571,1,PROOF OF LIABILITY INSURANCE,"MOTORCYCLE, SCOOTER, MOPED, ETC. ONLY",DAMAGED 1 MINIMUM,NA,NA,NA,NA,N,BIG JOHNS TOWING,"2010 S HWY BLVD, BELTON, TX 76513",NONE,NA,NA,WEST,Y,0,1,0,0,0,1,0
14959049,1,MOTOR VEHICLE,N,N,TX,1HFSC220XTA801046,1996,BLU,HONDA,NA,MOTORCYCLE,N,77456,1,PROOF OF LIABILITY INSURANCE,BACK END DAMAGE DISTRIBUTED IMPACT,DAMAGED 4,6,NA,NA,NA,N,,,NONE,NA,NA,SOUTH,Y,1,0,0,0,0,1,0
14986551,2,MOTOR VEHICLE,N,N,TX,1HD4LE21XFC408619,NA,BLK,HARLEY-DAVIDSON,NA,MOTORCYCLE,N,76008,1,PROOF OF LIABILITY INSURANCE,"MOTORCYCLE, SCOOTER, MOPED, ETC. ONLY",DAMAGED 1 MINIMUM,NA,NA,NA,NA,N,AREA TOWING (817)573-2101,"5906 GLEN ROSE HIGHWAY, GRANBURY, TEXAS",NONE,NA,NA,WEST,Y,0,0,1,0,0,1,0
14963473,1,MOTOR VEHICLE,N,N,TX,1HD1FBM14EB692128,NA,MAR,HARLEY-DAVIDSON,UNKNOWN,MOTORCYCLE,N,78745,1,PROOF OF LIABILITY INSURANCE,DISTRIBUTED LEFT SIDE DAMAGE PARALLEL IMPACT,DAMAGED 3,11,NA,NA,NA,Y,ROCHAS TOWING SERVICE,ROCHAS TOWING SERVICE,UNDER INFLUENCE - ALCOHOL,TURNED IMPROPERLY - CUT CORNER ON LEFT,NA,WEST,Y,1,0,0,0,0,1,0
14927427,2,MOTOR VEHICLE,N,N,TX,1HD1JD51X8YD51852,NA,BLU,HARLEY-DAVIDSON,NA,MOTORCYCLE,N,77521,2,NA,RIGHT SIDE DAMAGE ANGULAR IMPACT,DAMAGED 2,3,NA,NA,NA,N,HWY 90 WRECKER,5552 N. MAIN  PH# (832) 475-5776,NONE,NA,NA,NORTH,Y,1,0,0,0,0,1,0
14947649,2,MOTOR VEHICLE,N,N,TX,L5YTCKPA691107388,NA,GRY,UNKNOWN,UNKNOWN,MOTORCYCLE,N,,2,NA,DISTRIBUTED RIGHT SIDE DAMAGE PARALLEL IMPACT,DAMAGED 3,3,NA,NA,NA,N,MISSION,GROWDON,NONE,NA,NA,NORTHEAST,Y,1,0,1,0,0,2,0
14976492,1,MOTOR VEHICLE,N,N,TX,1B9SC21M27B631030,2007,ONG,ALL OTHER MAKES,UNKNOWN,MOTORCYCLE,N,77388,1,PROOF OF LIABILITY INSURANCE,"MOTORCYCLE, SCOOTER, MOPED, ETC. ONLY",DAMAGED 1 MINIMUM,NA,NA,NA,NA,Y,SADDLE CREEK 281-689-7705,19600 OLD SAND PIT RD NEW CANEY TX 77357,UNDER INFLUENCE - ALCOHOL,UNDER INFLUENCE - DRUG,NA,SOUTHEAST,Y,1,0,0,0,0,1,0
14944292,2,MOTOR VEHICLE,N,N,TX,1HD4CR2147K424216,2007,RED,HARLEY-DAVIDSON,UNKNOWN,MOTORCYCLE,N,77356,1,LIABILITY INSURANCE POLICY,"MOTORCYCLE, SCOOTER, MOPED, ETC. ONLY",DAMAGED 1 MINIMUM,NA,NA,NA,NA,N,,,NONE,NA,NA,EAST,Y,0,0,1,0,0,1,0
14929575,2,MOTOR VEHICLE,N,N,TX,1HD1GXM1XFC312473,NA,BLK,HARLEY-DAVIDSON,UNKNOWN,MOTORCYCLE,N,75040,1,PROOF OF LIABILITY INSURANCE,"MOTORCYCLE, SCOOTER, MOPED, ETC. ONLY",DAMAGED 1 MINIMUM,5,NA,NA,NA,Y,CONTRACT WRECKER,POLICE AUTO POUND,NONE,NA,NA,NORTHWEST,Y,1,0,0,0,0,1,0
14921834,2,MOTOR VEHICLE,N,N,TX,1HFSC43067A700327,2007,BLK,HONDA,NA,MOTORCYCLE,N,76209,1,PROOF OF LIABILITY INSURANCE,"MOTORCYCLE, SCOOTER, MOPED, ETC. ONLY",DAMAGED 1 MINIMUM,11,NA,NA,NA,N,AKERS WRECKER,"715 DALLAS DRIVE, DENTON, TX 76202",NONE,NA,NA,NORTH,Y,1,0,0,0,0,1,0