CRASH_ID,UNIT_NBR,UNIT_DESC_ID,VEH_PARKED_FL,VEH_HNR_FL,VEH_LIC_STATE_ID,VIN,VEH_MOD_YEAR,VEH_COLOR_ID,VEH_MAKE_ID,VEH_MOD_ID,VEH_BODY_STYL_ID,EMER_RESPNDR_FL,OWNR_ZIP,FIN_RESP_PROOF_ID,FIN_RESP_TYPE_ID,VEH_DMAG_AREA_1_ID,VEH_DMAG_SCL_1_ID,FORCE_DIR_1_ID,VEH_DMAG_AREA_2_ID,VEH_DMAG_SCL_2_ID,FORCE_DIR_2_ID,VEH_INVENTORIED_FL,VEH_TRANSP_NAME,VEH_TRANSP_DEST,CONTRIB_FACTR_1_ID,CONTRIB_FACTR_2_ID,CONTRIB_FACTR_P1_ID,VEH_TRVL_DIR_ID,FIRST_HARM_EVT_INV_ID,INCAP_INJRY_CNT,NONINCAP_INJRY_CNT,POSS_INJRY_CNT,NON_INJRY_CNT,UNKN_INJRY_CNT,TOT_INJRY_CNT,DEATH_CNT
14948238,1,MOTOR VEHICLE,N,N,TX,3H1HF03077D200521,2007,GRY,HONDA,UNKNOWN,MOTORCYCLE,N,78521,1,LIABILITY INSURANCE POLICY,FRONT END DAMAGE DISTRIBUTED IMPACT,DAMAGED 1 MINIMUM,12,NA,NA,NA,N,PUSHED BY MASSO DOEL,1101 E. ADAMS,FAILED TO CONTROL SPEED,NA,NA,EAST,Y,0,0,1,0,0,1,0
14968192,2,MOTOR VEHICLE,N,N,TX,JS1GN7EA992101995,NA,BLK,SUZUKI,NA,MOTORCYCLE,N,79915,1,LIABILITY INSURANCE POLICY,FRONT END (LEFT) DAMAGE PARTIAL CONTACT,DAMAGED 5,11,DISTRIBUTED RIGHT SIDE DAMAGE PARALLEL IMPACT,DAMAGED 3,3,N,,,NONE,NA,NA,WEST,Y,0,0,1,0,0,1,0
14979903,2,MOTOR VEHICLE,N,N,TX,1HD1BW5127Y063467,2007,RED,HARLEY-DAVIDSON,NA,MOTORCYCLE,N,75683,1,PROOF OF LIABILITY INSURANCE,"MOTORCYCLE, SCOOTER, MOPED, ETC. ONLY",DAMAGED 1 MINIMUM,NA,NA,NA,NA,Y,CUTTER'S TOWING,"1604 S MOODY BLVD, WHITE OAK, TX 75693",NONE,NA,NA,NORTHWEST,Y,0,0,0,0,0,0,1
14934714,2,MOTOR VEHICLE,N,N,TX,JYAVG04E6DA016464,NA,BLU,YAMAHA,UNKNOWN,MOTORCYCLE,N,75935,1,PROOF OF LIABILITY INSURANCE,"MOTORCYCLE, SCOOTER, MOPED, ETC. ONLY",DAMAGED 1 MINIMUM,NA,NA,NA,NA,N,,,NONE,NA,NA,SOUTH,Y,0,2,0,0,0,2,0
14970438,2,MOTOR VEHICLE,N,N,TX,1HD1BZB186Y053045,2006,BLK,HARLEY-DAVIDSON,UNKNOWN,MOTORCYCLE,N,78069,1,PROOF OF LIABILITY INSURANCE,"MOTORCYCLE, SCOOTER, MOPED, ETC. ONLY",DAMAGED 1 MINIMUM,NA,NA,NA,NA,Y,SOUTH TEXAS TOWING,"5035 HWY 90 E, HONDO, TX, 78861",NONE,NA,NA,EAST,Y,0,0,0,0,0,0,1
15127267,2,MOTOR VEHICLE,N,Y,UN,JYADG19Y89A000410,NA,NA,NA,NA,MOTORCYCLE,N,92562-8544,1,LIABILITY INSURANCE POLICY,NA,NO DAMAGE,NA,NA,NA,NA,N,,LEFT AT SCENE,NONE,NA,NA,WEST,Y,1,0,0,0,0,1,0
14951842,4,MOTOR VEHICLE,N,N,TX,1HD1JD514BB045085,NA,BLK,HARLEY-DAVIDSON,NA,MOTORCYCLE,N,78586,1,PROOF OF LIABILITY INSURANCE,"MOTORCYCLE, SCOOTER, MOPED, ETC. ONLY",DAMAGED 1 MINIMUM,NA,NA,NA,NA,Y,LA FERIA WRECKER 956-797-2123,"26938 RD 374, LA FERIA, TX 78559",NA,NA,IMPAIRED VISIBILITY (EXPLAIN IN NARRATIVE),WEST,N,1,0,0,0,0,1,0
14948151,2,MOTOR VEHICLE,N,N,TX,1HFSC52066A304758,2006,RED,HONDA,UNKNOWN,MOTORCYCLE,N,78521,1,PROOF OF LIABILITY INSURANCE,DISTRIBUTED LEFT SIDE DAMAGE PARALLEL IMPACT,DAMAGED 2,9,NA,NA,NA,Y,VALLEY TOWING WRECKER SERVICE,"6830 NORTH EXPRESSWAY, BROWNSVILLE, TX.",PASSED ON RIGHT SHOULDER,NA,NA,WEST,Y,0,0,0,0,0,0,1
14946265,2,MOTOR VEHICLE,N,N,TX,1HD1HHZ157K811748,2007,BLK,HARLEY-DAVIDSON,UNKNOWN,MOTORCYCLE,N,77515,1,PROOF OF LIABILITY INSURANCE,FRONT END (RIGHT)  DAMAGE PARTIAL CONTACT,DAMAGED 1 MINIMUM,1,LEFT SIDE DAMAGE ANGULAR IMPACT,DAMAGED 1 MINIMUM,1,N,,,NONE,NA,NA,SOUTH,Y,0,0,0,1,0,0,0
14939305,2,MOTOR VEHICLE,N,N,TX,1HD1BMY182Y028974,2002,BLK,HARLEY-DAVIDSON,NA,MOTORCYCLE,N,79606,1,LIABILITY INSURANCE POLICY,BACK END DAMAGE DISTRIBUTED IMPACT,DAMAGED 4,6,NA,NA,NA,N,OBARS,3210 PLUM,NONE,NA,NA,SOUTH,Y,1,0,0,0,0,1,0
14946940,2,MOTOR VEHICLE,N,N,TX,JKBVNKD1X7A012429,2007,BLK,KAWASAKI,NA,MOTORCYCLE,N,77375,1,PROOF OF LIABILITY INSURANCE,FRONT END DAMAGE CONCENTRATED IMPACT,DAMAGED 2,12,NA,NA,NA,Y,BB&T RECOVERY/TRANSMISSION,"11815 1/2 MISTY VALLEY HOUSTON,TX 77066",NONE,NA,NA,WEST,Y,0,1,0,0,0,1,0
14941185,2,MOTOR VEHICLE,N,N,TX,JH2RC440X2M614377,2002,YEL,HONDA,NA,MOTORCYCLE,N,78155,1,PROOF OF LIABILITY INSURANCE,DISTRIBUTED LEFT SIDE DAMAGE PARALLEL IMPACT,DAMAGED 2,9,NA,NA,NA,N,BIG D WRECKER,2140 HUBER RD,NONE,NA,NA,EAST,Y,0,0,0,1,0,0,0
14967195,1,MOTOR VEHICLE,N,N,TX,JH2PC35001M210504,2001,BLU,HONDA,NA,MOTORCYCLE,N,75075,1,PROOF OF LIABILITY INSURANCE,"MOTORCYCLE, SCOOTER, MOPED, ETC. ONLY",DAMAGED 1 MINIMUM,NA,NA,NA,NA,N,SIGNATURE TOW,SIGNATURE LOT,UNDER INFLUENCE - ALCOHOL,FAILED TO CONTROL SPEED,NA,SOUTH,Y,0,1,0,0,0,1,0
14931654,1,MOTOR VEHICLE,N,N,TX,1HD1DAL18KY505998,1989,WHI,HARLEY-DAVIDSON,UNKNOWN,MOTORCYCLE,N,78608,1,LIABILITY INSURANCE POLICY,"MOTORCYCLE, SCOOTER, MOPED, ETC. ONLY",DAMAGED 1 MINIMUM,NA,NA,NA,NA,Y,ASAP TOWING,"6046 WILLIAMS DR, GEORGETOWN, TX 78633",UNDER INFLUENCE - DRUG,NA,HAD BEEN DRINKING,NORTHWEST,Y,1,0,0,0,0,1,0
14970407,2,MOTOR VEHICLE,N,N,TX,JS1GN7EA082108333,NA,BLK,SUZUKI,NA,MOTORCYCLE,N,78521,2,NA,"MOTORCYCLE, SCOOTER, MOPED, ETC. ONLY",DAMAGED 1 MINIMUM,12,NA,NA,NA,N,LUPES WRECKER,6217 PADRE ISLAND HWY B'VILLE TX 78521,NA,NA,SPEEDING - (OVERLIMIT),EAST,Y,1,0,0,0,0,1,0
14941912,3,MOTOR VEHICLE,N,N,TX,MLHPC4668E5100217,NA,WHI,HONDA,UNKNOWN,MOTORCYCLE,N,78613,1,PROOF OF LIABILITY INSURANCE,"MOTORCYCLE, SCOOTER, MOPED, ETC. ONLY",DAMAGED 1 MINIMUM,3,NA,NA,NA,N,,,NONE,NA,NA,NORTHEAST,N,0,0,0,1,0,0,0
14978678,1,MOTOR VEHICLE,N,N,TX,JYARJ06E87A033724,2007,BLU,YAMAHA,NA,MOTORCYCLE,N,76033,1,PROOF OF LIABILITY INSURANCE,"MOTORCYCLE, SCOOTER, MOPED, ETC. ONLY",DAMAGED 1 MINIMUM,NA,NA,NA,NA,N,LONESTAR WRECKER,101 MAXIE ST. CLEBURNE TX 76033,NONE,NA,NA,SOUTHEAST,Y,1,0,0,0,0,1,0
14930521,1,MOTOR VEHICLE,N,N,TX,SMT600FM11J120729,2001,BLU,NA,NA,MOTORCYCLE,N,78737,1,LIABILITY INSURANCE POLICY,"MOTORCYCLE, SCOOTER, MOPED, ETC. ONLY",DAMAGED 1 MINIMUM,12,NA,NA,NA,N,SOUTHSIDE WRECKER INC,SOUTHSIDE WRECKER INC,FAILED TO CONTROL SPEED,DISREGARD TURN MARKS AT INTERSECTION,NA,WEST,Y,1,0,0,0,0,1,0
14944481,1,MOTOR VEHICLE,N,N,TX,1HD1KBW386Y600169,2006,BLU,HARLEY-DAVIDSON,NA,MOTORCYCLE,N,79045,1,PROOF OF LIABILITY INSURANCE,FRONT END (RIGHT)  DAMAGE PARTIAL CONTACT,DAMAGED 1 MINIMUM,2,RIGHT SIDE DAMAGE ANGULAR IMPACT,DAMAGED 2,3,N,,,FAILED TO CONTROL SPEED,NA,NA,WEST,Y,0,1,0,0,0,1,0
14946803,1,MOTOR VEHICLE,N,N,TX,JYAVP11E57A103822,2007,GRY,YAMAHA,UNKNOWN,MOTORCYCLE,N,77449,1,PROOF OF LIABILITY INSURANCE,"MOTORCYCLE, SCOOTER, MOPED, ETC. ONLY",DAMAGED 1 MINIMUM,1,NA,NA,NA,N,EXPRO COLLISION,940 STATE HIGHWAY 6 SOUTH,FAILED TO CONTROL SPEED,NA,NA,EAST,Y,0,1,0,0,0,1,0
14939121,1,MOTOR VEHICLE,N,N,TX,JS1VS55A092102084,NA,MAR,SUZUKI,NA,MOTORCYCLE,N,78596,1,PROOF OF LIABILITY INSURANCE,RIGHT SIDE DAMAGE ANGULAR IMPACT,DAMAGED 3,3,LEFT SIDE DAMAGE ANGULAR IMPACT,DAMAGED 3,3,N,ABF WRECKER,"3900 E BUSINESS 83 WESLACO, TX",NONE,NA,NA,WEST,Y,1,0,0,0,0,1,0
14932523,4,MOTOR VEHICLE,Y,N,TX,1HD1FDV151Y660161,2001,BLU,HARLEY-DAVIDSON,NA,MOTORCYCLE,N,77650,2,NA,"MOTORCYCLE, SCOOTER, MOPED, ETC. ONLY",DAMAGED 1 MINIMUM,3,NA,NA,NA,N,,,NONE,NA,NA,EAST,N,0,0,0,0,0,0,0
14932787,2,MOTOR VEHICLE,N,N,TX,JH2RC53557M000220,2007,RED,HONDA,NA,MOTORCYCLE,N,78597,2,NA,"MOTORCYCLE, SCOOTER, MOPED, ETC. ONLY",DAMAGED 1 MINIMUM,3,NA,NA,NA,N,LEFT AT LOCATION BY DRIVER,,NONE,NA,NA,NORTH,Y,0,0,1,0,0,1,0
14935162,2,MOTOR VEHICLE,N,N,TX,JH2PF01126K400750,2006,BLU,HONDA,UNKNOWN,MOTORCYCLE,N,77043,1,PROOF OF LIABILITY INSURANCE,"MOTORCYCLE, SCOOTER, MOPED, ETC. ONLY",DAMAGED 1 MINIMUM,NA,NA,NA,NA,N,,PARKED AT 10100 HAMMERLY,NONE,NA,NA,EAST,Y,0,1,0,0,0,1,0
14981969,4,MOTOR VEHICLE,Y,N,TX,1HD1FCW153Y640360,2003,MAR,HARLEY-DAVIDSON,UNKNOWN,MOTORCYCLE,N,77531,1,LIABILITY INSURANCE POLICY,FRONT END DAMAGE DISTRIBUTED IMPACT,DAMAGED 1 MINIMUM,12,RIGHT SIDE DAMAGE ANGULAR IMPACT,DAMAGED 1 MINIMUM,3,N,REGISTERED OWNER,ADDRESS,NONE,NA,NA,UNKNOWN,N,0,0,0,0,0,0,0
14923953,1,MOTOR VEHICLE,N,N,TX,JH2AF5812FK302228,NA,WHI,HONDA,UNKNOWN,MOTORCYCLE,N,78258,1,LIABILITY INSURANCE POLICY,"MOTORCYCLE, SCOOTER, MOPED, ETC. ONLY",DAMAGED 1 MINIMUM,12,NA,NA,NA,Y,CLARK AUTO CARE,CLARK AUTO CARE,FAILED TO CONTROL SPEED,NA,HAD BEEN DRINKING,WEST,Y,0,1,0,0,0,1,0
14968441,1,MOTOR VEHICLE,N,N,TX,1HFSC46053A105006,2003,BLK,HONDA,UNKNOWN,MOTORCYCLE,N,75167,1,PROOF OF LIABILITY INSURANCE,"MOTORCYCLE, SCOOTER, MOPED, ETC. ONLY",DAMAGED 1 MINIMUM,NA,NA,NA,NA,Y,TOW PRO /  972-938-3221,"8215 LITTLE BRANCH WAXAHACHIE, TX 75165",DRIVER INATTENTION,UNSAFE SPEED,NA,NORTHEAST,Y,0,1,0,0,0,1,0
14946879,2,MOTOR VEHICLE,N,N,TX,JH2RC46196M800715,2006,WHI,HONDA,NA,MOTORCYCLE,N,,1,PROOF OF LIABILITY INSURANCE,"MOTORCYCLE, SCOOTER, MOPED, ETC. ONLY",DAMAGED 1 MINIMUM,NA,NA,NA,NA,N,,,NONE,NA,NA,WEST,Y,0,0,0,1,0,0,0
14958707,1,MOTOR VEHICLE,N,N,TX,1HD1JA5127Y061045,2007,BLK,HARLEY-DAVIDSON,NA,MOTORCYCLE,N,78645,1,PROOF OF LIABILITY INSURANCE,"MOTORCYCLE, SCOOTER, MOPED, ETC. ONLY",DAMAGED 1 MINIMUM,1,NA,NA,NA,N,CEDAR PARK WRECKER (512)267-5100,"13300 B WIRE RD; LEANDER, TX",FAULTY EVASIVE ACTION,NA,UNDER INFLUENCE - ALCOHOL,NORTH,Y,0,0,0,1,0,0,0
14974600,2,MOTOR VEHICLE,N,N,TX,JYAVP11E49A113664,NA,BLK,YAMAHA,NA,MOTORCYCLE,N,75231,1,PROOF OF LIABILITY INSURANCE,"MOTORCYCLE, SCOOTER, MOPED, ETC. ONLY",DAMAGED 1 MINIMUM,6,NA,NA,NA,N,,,NONE,NA,NA,EAST,Y,0,1,0,0,0,1,0
14970172,2,MOTOR VEHICLE,N,N,TX,JH2SC51729K600407,NA,WHI,HONDA,NA,MOTORCYCLE,N,76182,1,PROOF OF LIABILITY INSURANCE,"MOTORCYCLE, SCOOTER, MOPED, ETC. ONLY",DAMAGED 1 MINIMUM,10,NA,NA,NA,N,,,NONE,NA,NA,WEST,Y,1,0,0,0,0,1,0
14954189,2,MOTOR VEHICLE,N,N,GA,1HD1KBM1XCB690456,NA,BLK,HARLEY-DAVIDSON,NA,MOTORCYCLE,N,75503,1,PROOF OF LIABILITY INSURANCE,"MOTORCYCLE, SCOOTER, MOPED, ETC. ONLY",DAMAGED 1 MINIMUM,1,NA,NA,NA,N,NEELY'S TOWING,3031 W. 7TH ST.,NONE,NA,NA,WEST,Y,0,1,0,0,0,1,0
14925505,3,MOTOR VEHICLE,N,N,TX,1HD1BX5188Y024230,NA,MUL,HARLEY-DAVIDSON,UNKNOWN,MOTORCYCLE,N,78218,1,LIABILITY INSURANCE POLICY,FRONT END DAMAGE CONCENTRATED IMPACT,DAMAGED 2,1,"MOTORCYCLE, SCOOTER, MOPED, ETC. ONLY",DAMAGED 1 MINIMUM,9,N,TEXAS TOWING,GROWDON POUND,NONE,NA,NA,NORTH,Y,0,0,0,0,0,0,1
14953942,1,MOTOR VEHICLE,N,N,TX,1HD1BVB185Y022997,2005,BLK,HARLEY-DAVIDSON,UNKNOWN,MOTORCYCLE,N,77581,1,PROOF OF LIABILITY INSURANCE,"MOTORCYCLE, SCOOTER, MOPED, ETC. ONLY",DAMAGED 1 MINIMUM,6,"MOTORCYCLE, SCOOTER, MOPED, ETC. ONLY",DAMAGED 1 MINIMUM,9,Y,TAYLOR TOWING,TAYLOR TOWING,FLEEING OR EVADING POLICE,FAULTY EVASIVE ACTION,NA,WEST,Y,0,0,0,1,0,0,0
14944151,1,MOTOR VEHICLE,N,N,TX,JH2SC500X2M007165,2002,RED,HONDA,UNKNOWN,MOTORCYCLE,N,77590,2,NA,BACK END DAMAGE CONCENTRATED IMPACT,DAMAGED 4,6,FRONT END DAMAGE CONCENTRATED IMPACT,DAMAGED 5,12,N,BILLS,BILLS,IMPROPER START FROM PARKED POSITION,NA,NA,WEST,Y,0,0,1,0,0,1,0
14945933,1,MOTOR VEHICLE,N,N,TX,1HD1JAB191Y020794,2001,BLU,HARLEY-DAVIDSON,NA,MOTORCYCLE,N,78224,1,PROOF OF LIABILITY INSURANCE,FRONT END (RIGHT)  DAMAGE PARTIAL CONTACT,DAMAGED 4,1,NA,NA,NA,N,MISSION TOWING,GROWDEN POUND,DRIVER INATTENTION,NA,NA,SOUTHWEST,Y,1,0,0,0,0,1,0
14943971,2,MOTOR VEHICLE,N,N,TX,JS1GN79A432102800,2003,YEL,SUZUKI,NA,MOTORCYCLE,N,75067,2,NA,FRONT END DAMAGE DISTRIBUTED IMPACT,DAMAGED 3,12,NA,NA,NA,N,BRADS,1630 RIVERVIEW DR LEWISVILLE TX 75057,NONE,NA,NA,SOUTH,Y,0,1,0,0,0,1,0
14937066,2,MOTOR VEHICLE,N,N,TX,JYARJ16EXEA030987,NA,GRY,YAMAHA,UNKNOWN,MOTORCYCLE,N,78043,2,NA,"MOTORCYCLE, SCOOTER, MOPED, ETC. ONLY",DAMAGED 1 MINIMUM,12,NA,NA,NA,Y,CABELLO WRECKER SERVICE,"2601 GUADALUPE ST. LAREDO, TX",NONE,NA,NA,NORTH,Y,0,0,1,0,0,1,0
14976402,1,MOTOR VEHICLE,N,N,TX,JYARJ13E87A002323,2007,RED,YAMAHA,NA,MOTORCYCLE,N,1118,1,PROOF OF LIABILITY INSURANCE,"MOTORCYCLE, SCOOTER, MOPED, ETC. ONLY",DAMAGED 1 MINIMUM,12,NA,NA,NA,Y,MILLIGANS TOWING,MILLIGANS TOWING YARD,OTHER (EXPLAIN IN NARRATIVE),NA,OTHER (EXPLAIN IN NARRATIVE),SOUTHWEST,Y,0,0,0,0,1,0,0
15101327,2,MOTOR VEHICLE,N,N,TX,1HD1KB4179Y635050,NA,BLK,HARLEY-DAVIDSON,UNKNOWN,MOTORCYCLE,N,77517,1,LIABILITY INSURANCE POLICY,"MOTORCYCLE, SCOOTER, MOPED, ETC. ONLY",DAMAGED 1 MINIMUM,NA,NA,NA,NA,N,WALKERS WRECKER SERVICE,WRECKER LOT,NONE,NA,NA,NORTH,Y,1,0,0,0,0,1,0
14987085,1,MOTOR VEHICLE,N,N,TX,JH2MF0205HK102771,1987,YEL,HONDA,NA,MOTORCYCLE,N,79510,2,NA,"MOTORCYCLE, SCOOTER, MOPED, ETC. ONLY",DAMAGED 1 MINIMUM,12,NA,NA,NA,N,PUSHED AWAY BY OWNER,,FAILED TO YIELD ROW - PRIVATE DRIVE,NA,NA,WEST,Y,0,0,1,0,0,1,0
14948815,3,MOTOR VEHICLE,N,N,TX,JH2RC6359DK100558,NA,BLK,HONDA,NA,MOTORCYCLE,N,77364,1,PROOF OF LIABILITY INSURANCE,"MOTORCYCLE, SCOOTER, MOPED, ETC. ONLY",DAMAGED 1 MINIMUM,NA,NA,NA,NA,N,GW'S WRECKER SERVICE 936-653-2022,"970 SLADE ST.,COLDSPRING, TX 77331",NONE,NA,NA,NORTH,N,0,1,0,0,0,1,0
14937166,2,MOTOR VEHICLE,N,N,TX,JH2SC57004M000332,2004,BLK,HONDA,NA,MOTORCYCLE,N,78566,1,PROOF OF LIABILITY INSURANCE,"MOTORCYCLE, SCOOTER, MOPED, ETC. ONLY",DAMAGED 1 MINIMUM,11,NA,NA,NA,,EXPRESSWAY TOWING,"602 N COMMERCE, HARLINGEN",NONE,NA,NA,SOUTH,Y,1,0,0,0,0,1,0
14980533,1,MOTOR VEHICLE,N,N,TX,JS1GX72A7B2101983,NA,BLK,SUZUKI,NA,MOTORCYCLE,N,97035,1,LIABILITY INSURANCE POLICY,"MOTORCYCLE, SCOOTER, MOPED, ETC. ONLY",DAMAGED 1 MINIMUM,NA,NA,NA,NA,N,NOT TOWED.,NOT TOWED.,NA,NA,SPEEDING - (OVERLIMIT),SOUTH,Y,1,0,0,0,0,1,0
14940254,2,MOTOR VEHICLE,N,N,TX,JS1VP52A112101164,2001,BLU,SUZUKI,NA,MOTORCYCLE,N,78654,1,PROOF OF LIABILITY INSURANCE,"MOTORCYCLE, SCOOTER, MOPED, ETC. ONLY",DAMAGED 1 MINIMUM,NA,NA,NA,NA,N,SHAWN CLAIBORNE,"2100 CR122 MARBLE FALLS, TX 78654",NONE,NA,NA,NORTHWEST,Y,0,1,0,0,0,1,0
14959434,2,MOTOR VEHICLE,N,N,NJ,JH2PF01149K700651,NA,RED,HONDA,NA,MOTORCYCLE,N,8648,1,PROOF OF LIABILITY INSURANCE,"MOTORCYCLE, SCOOTER, MOPED, ETC. ONLY",DAMAGED 1 MINIMUM,12,NA,NA,NA,N,,,NONE,NA,NA,SOUTH,Y,0,0,0,1,0,0,0
14939538,4,MOTOR VEHICLE,N,N,TX,1HD1BML13VY056046,1997,SIL,HARLEY-DAVIDSON,NA,MOTORCYCLE,N,76050,1,PROOF OF LIABILITY INSURANCE,DISTRIBUTED RIGHT SIDE DAMAGE PARALLEL IMPACT,DAMAGED 1 MINIMUM,3,DISTRIBUTED LEFT SIDE DAMAGE PARALLEL IMPACT,DAMAGED 1 MINIMUM,9,N,,,NONE,NA,NA,EAST,N,0,0,0,1,0,0,0
14978295,2,MOTOR VEHICLE,N,N,TX,SMT915RN3FT704833,NA,GRY,NA,NA,MOTORCYCLE,N,78738,1,PROOF OF LIABILITY INSURANCE,BACK END DAMAGE CONCENTRATED IMPACT,DAMAGED 2,6,FRONT END DAMAGE CONCENTRATED IMPACT,DAMAGED 2,12,N,,,NONE,NA,NA,NORTHEAST,Y,0,0,1,0,0,1,0
14980731,4,MOTOR VEHICLE,N,N,TX,1HD1CT3119K400814,NA,BLK,HARLEY-DAVIDSON,NA,MOTORCYCLE,N,78861,2,NA,FRONT END DAMAGE CONCENTRATED IMPACT,DAMAGED 3,12,NA,NA,NA,N,CONTRACT TOW,GROWDEN POUND,FOLLOWED TOO CLOSELY,NA,NA,SOUTHWEST,N,0,1,0,0,0,1,0
14966103,2,MOTOR VEHICLE,N,N,TX,JKBZXJC106A034719,2006,BLU,KAWASAKI,NA,MOTORCYCLE,N,77095,1,PROOF OF LIABILITY INSURANCE,DISTRIBUTED LEFT SIDE DAMAGE PARALLEL IMPACT,DAMAGED 3,NA,DISTRIBUTED RIGHT SIDE DAMAGE PARALLEL IMPACT,DAMAGED 3,NA,N,WESTWAY TOWING,"940 HWY 6 SOUTH HOUSTON, TX 77079",CHANGED LANE WHEN UNSAFE,NA,SPEEDING - (OVERLIMIT),NORTH,Y,0,1,0,0,0,1,0
14972605,2,MOTOR VEHICLE,N,N,TX,L5YTCKPA181229090,NA,MAR,ALL OTHER MAKES,UNKNOWN,MOTORCYCLE,N,77551,2,NA,LEFT SIDE DAMAGE ANGULAR IMPACT,DAMAGED 1 MINIMUM,9,RIGHT SIDE DAMAGE ANGULAR IMPACT,DAMAGED 2,3,Y,ALL AMERICAN WRECKER,WRECKER LOT,NONE,NA,NA,EAST,Y,0,1,0,0,0,1,0
14925109,2,MOTOR VEHICLE,N,N,TX,1HD1GN4129K320162,NA,RED,HARLEY-DAVIDSON,NA,MOTORCYCLE,N,77632,1,PROOF OF LIABILITY INSURANCE,"MOTORCYCLE, SCOOTER, MOPED, ETC. ONLY",DAMAGED 1 MINIMUM,12,NA,NA,NA,,TAKEN AWAY BY FAMILY,,NONE,NA,NA,SOUTHWEST,Y,0,0,0,1,0,0,0
14921877,2,MOTOR VEHICLE,N,N,TX,1HD1BWV16DB025724,NA,BLU,HARLEY-DAVIDSON,NA,MOTORCYCLE,N,77386,1,PROOF OF LIABILITY INSURANCE,BACK END DAMAGE CONCENTRATED IMPACT,DAMAGED 1 MINIMUM,6,NA,NA,NA,N,DRIVER,DRIVEN OF SCENE,NONE,NA,NA,WEST,Y,0,0,0,1,0,0,0
14943639,3,MOTOR VEHICLE,N,N,TX,ZAPM590T785000317,NA,BLK,PIAGGIO,NA,MOTORCYCLE,N,78738,1,PROOF OF LIABILITY INSURANCE,FRONT END DAMAGE DISTRIBUTED IMPACT,DAMAGED 3,1,NA,NA,NA,Y,GRIFFITH WRECKER,253 CR 418 D HENDERSON,NONE,NA,NA,SOUTH,N,1,0,0,0,0,1,0
14981251,1,MOTOR VEHICLE,N,N,TX,JH2SC57075M103832,2005,BLK,HONDA,NA,MOTORCYCLE,N,79029,1,PROOF OF LIABILITY INSURANCE,FRONT END DAMAGE DISTRIBUTED IMPACT,DAMAGED 4,1,NA,NA,NA,N,PACKS WRECKER,PACKS WRECKER,FAILED TO CONTROL SPEED,FLEEING OR EVADING POLICE,NA,WEST,Y,0,1,0,0,0,1,0
14968837,1,MOTOR VEHICLE,N,N,TX,VTTGM51A772100986,2007,BLK,SUZUKI,UNKNOWN,MOTORCYCLE,N,77074,1,PROOF OF LIABILITY INSURANCE,"MOTORCYCLE, SCOOTER, MOPED, ETC. ONLY",DAMAGED 1 MINIMUM,9,NA,NA,NA,Y,S & J TOWING,416 BOWER RD HUMBLE TX 77338,FAILED TO DRIVE IN SINGLE LANE,NA,DRIVER INATTENTION,SOUTHWEST,Y,0,0,1,0,0,1,0
14971515,1,MOTOR VEHICLE,N,N,TX,JH2PC4009FK800510,NA,BLK,HONDA,NA,MOTORCYCLE,N,76182,1,PROOF OF LIABILITY INSURANCE,DISTRIBUTED LEFT SIDE DAMAGE PARALLEL IMPACT,DAMAGED 5,2,NA,NA,NA,N,DRIVEN MY OWNER,OWNER LOCATION,HAD BEEN DRINKING,FAILED TO CONTROL SPEED,NA,NORTH,Y,0,0,1,0,0,1,0
14926725,1,MOTOR VEHICLE,N,N,TX,1V9FV31A44R116744,2004,BLK,UNKNOWN,UNKNOWN,MOTORCYCLE,N,77573,1,PROOF OF LIABILITY INSURANCE,"MOTORCYCLE, SCOOTER, MOPED, ETC. ONLY",DAMAGED 1 MINIMUM,12,NA,NA,NA,Y,"BOSONE, INC","BOSONE, INC",NONE,NA,NA,EAST,Y,0,1,0,0,0,1,0
14977546,1,MOTOR VEHICLE,N,N,TX,1HFSC1803JA301311,1988,BLK,HONDA,UNKNOWN,MOTORCYCLE,N,78249,1,PROOF OF LIABILITY INSURANCE,BACK END DAMAGE DISTRIBUTED IMPACT,DAMAGED 5,6,NA,NA,NA,Y,MISSION TOWING,GROWDEN POUND,NONE,NA,NA,NORTHEAST,Y,0,1,0,0,0,1,0
14932523,3,MOTOR VEHICLE,Y,N,TX,1HFSC52666A300536,2006,BLK,HONDA,NA,MOTORCYCLE,N,75852,2,NA,"MOTORCYCLE, SCOOTER, MOPED, ETC. ONLY",DAMAGED 1 MINIMUM,3,NA,NA,NA,N,,,NONE,NA,NA,EAST,N,0,0,0,0,0,0,0