CRASH_ID,UNIT_NBR,UNIT_DESC_ID,VEH_PARKED_FL,VEH_HNR_FL,VEH_LIC_STATE_ID,VIN,VEH_MOD_YEAR,VEH_COLOR_ID,VEH_MAKE_ID,VEH_MOD_ID,VEH_BODY_STYL_ID,EMER_RESPNDR_FL,OWNR_ZIP,FIN_RESP_PROOF_ID,FIN_RESP_TYPE_ID,VEH_DMAG_AREA_1_ID,VEH_DMAG_SCL_1_ID,FORCE_DIR_1_ID,VEH_DMAG_AREA_2_ID,VEH_DMAG_SCL_2_ID,FORCE_DIR_2_ID,VEH_INVENTORIED_FL,VEH_TRANSP_NAME,VEH_TRANSP_DEST,CONTRIB_FACTR_1_ID,CONTRIB_FACTR_2_ID,CONTRIB_FACTR_P1_ID,VEH_TRVL_DIR_ID,FIRST_HARM_EVT_INV_ID,INCAP_INJRY_CNT,NONINCAP_INJRY_CNT,POSS_INJRY_CNT,NON_INJRY_CNT,UNKN_INJRY_CNT,TOT_INJRY_CNT,DEATH_CNT
14982935,2,MOTOR VEHICLE,N,N,TX,ZDM1RAANX5B075279,2005,BLK,DUCATI,NA,MOTORCYCLE,N,78756,1,LIABILITY INSURANCE POLICY,"MOTORCYCLE, SCOOTER, MOPED, ETC. ONLY",DAMAGED 1 MINIMUM,NA,NA,NA,NA,N,ROCHAS,"5700 BURLESON, AUSTIN, TX 78744",NONE,NA,NA,SOUTH,Y,0,0,1,0,0,1,0
14923320,2,MOTOR VEHICLE,N,N,TX,JH2PC37044M106793,2004,BLU,HONDA,UNKNOWN,MOTORCYCLE,N,79605,1,PROOF OF LIABILITY INSURANCE,"MOTORCYCLE, SCOOTER, MOPED, ETC. ONLY",DAMAGED 1 MINIMUM,10,NA,NA,NA,N,NOT TOWED,,SPEEDING - (OVERLIMIT),NA,NA,WEST,Y,0,1,0,0,0,1,0
14954085,3,MOTOR VEHICLE,N,N,TX,MLHMC4102D5303642,NA,ONG,HONDA,UNKNOWN,MOTORCYCLE,N,78263,1,LIABILITY INSURANCE POLICY,"MOTORCYCLE, SCOOTER, MOPED, ETC. ONLY",DAMAGED 1 MINIMUM,NA,NA,NA,NA,N,DRIVEN AWAY BY RIDER,DRIVER AWAY BY RIDER,NONE,NA,NA,SOUTHWEST,N,0,0,1,0,0,1,0
14921295,1,MOTOR VEHICLE,N,Y,TX,JYARJ06E24A019796,2004,BLK,YAMAHA,NA,MOTORCYCLE,N,75234,1,LIABILITY INSURANCE POLICY,BACK END DAMAGE DISTRIBUTED IMPACT,DAMAGED 3,9,NA,NA,NA,Y,HESTERS,HERSTERS,NONE,NA,NA,NORTHEAST,Y,0,0,0,0,1,0,0
14955370,1,MOTOR VEHICLE,N,N,TX,JH2RC50069K502418,NA,BLK,HONDA,UNKNOWN,MOTORCYCLE,N,77565,1,PROOF OF LIABILITY INSURANCE,DISTRIBUTED RIGHT SIDE DAMAGE PARALLEL IMPACT,DAMAGED 2,1,NA,NA,NA,N,DRIVER,DRIVEN AWAY,NONE,NA,NA,NORTH,Y,0,1,0,0,0,1,0
14936103,2,MOTOR VEHICLE,N,N,TX,1HD1CGP195K423463,2005,BLK,HARLEY-DAVIDSON,UNKNOWN,MOTORCYCLE,N,77511,1,LIABILITY INSURANCE POLICY,FRONT END DAMAGE DISTRIBUTED IMPACT,DAMAGED 4,12,NA,NA,NA,N,LAWRENCE WRECKER,3540 N GORDON ST,NONE,NA,NA,EAST,Y,1,0,0,0,0,1,0
14974457,1,MOTOR VEHICLE,N,N,TX,1HD1GHV115K306831,2005,BLK,HARLEY-DAVIDSON,NA,MOTORCYCLE,N,79924,1,PROOF OF LIABILITY INSURANCE,FRONT END DAMAGE DISTRIBUTED IMPACT,DAMAGED 2,12,NA,NA,NA,N,PRIVATE TOW,OWNERS REQUEST,FAILED TO YIELD ROW - TURNING LEFT,TURNED IMPROPERLY - WRONG LANE,NA,NORTH,Y,0,0,1,0,0,1,0
14923729,2,MOTOR VEHICLE,N,N,TX,JKAEXMJ11ADA61994,NA,RED,KAWASAKI,NA,MOTORCYCLE,N,78741,1,PROOF OF LIABILITY INSURANCE,LEFT FRONT QUARTER DAMAGE ANGULAR IMPACT,DAMAGED 1 MINIMUM,9,NA,NA,NA,N,ATX-VIP TOWING SERVICES,ATX-VIP TOWING SERVICES,NONE,NA,NA,SOUTH,Y,0,0,1,0,0,1,0
14955067,1,MOTOR VEHICLE,N,N,TX,JYAVP11Y4YA001519,2000,BLK,YAMAHA,UNKNOWN,MOTORCYCLE,N,77622,1,PROOF OF LIABILITY INSURANCE,"MOTORCYCLE, SCOOTER, MOPED, ETC. ONLY",DAMAGED 1 MINIMUM,NA,NA,NA,NA,Y,PARTICK'S - 409-423-5574,"807 N. MARGARET, KIRBYVILLE, TX 75956",FAILED TO DRIVE IN SINGLE LANE,NA,NA,NORTH,Y,0,0,1,0,0,1,0
14928885,2,MOTOR VEHICLE,N,N,TX,JH2PC35075M600781,2005,RED,HONDA,NA,MOTORCYCLE,N,75211,1,PROOF OF LIABILITY INSURANCE,"MOTORCYCLE, SCOOTER, MOPED, ETC. ONLY",DAMAGED 1 MINIMUM,11,NA,NA,NA,Y,CONTRACT WRECKER,"1955 VILBIG, DALLAS, TEXAS",NONE,NA,NA,EAST,Y,0,1,0,0,0,1,0
14934317,1,MOTOR VEHICLE,N,N,TX,JYARJ16E2CA026736,NA,GRY,YAMAHA,NA,MOTORCYCLE,N,78758,1,PROOF OF LIABILITY INSURANCE,FRONT END DAMAGE DISTRIBUTED IMPACT,DAMAGED 5,12,FRONT END DAMAGE DISTRIBUTED IMPACT,DAMAGED 5,11,N,HERNANDEZ WRECKER SERVICE,HERNANDEZ WRECKER SERVICE,FAILED TO CONTROL SPEED,NA,DRIVER INATTENTION,SOUTH,Y,0,0,0,1,0,0,0
14936734,2,MOTOR VEHICLE,N,Y,TX,JH2PC2102VM800659,1997,BLK,HONDA,UNKNOWN,MOTORCYCLE,N,79763,1,PROOF OF LIABILITY INSURANCE,BACK END DAMAGE DISTRIBUTED IMPACT,DAMAGED 1 MINIMUM,6,NA,NA,NA,,,,CHANGED LANE WHEN UNSAFE,NA,NA,WEST,Y,0,0,0,1,0,0,0
14969902,2,MOTOR VEHICLE,N,N,TX,MLHPC4464E5100864,NA,RED,HONDA,NA,MOTORCYCLE,N,77503,1,PROOF OF LIABILITY INSURANCE,"MOTORCYCLE, SCOOTER, MOPED, ETC. ONLY",DAMAGED 1 MINIMUM,NA,NA,NA,NA,N,EMERGENCY PERFORMANCE,7413 NAVIGATION,NONE,NA,NA,WEST,Y,0,0,1,0,0,1,0
14983232,2,MOTOR VEHICLE,N,N,TX,1HD1EBL15LY115560,1990,MUL,HARLEY-DAVIDSON,NA,MOTORCYCLE,N,76522,1,PROOF OF LIABILITY INSURANCE,"MOTORCYCLE, SCOOTER, MOPED, ETC. ONLY",DAMAGED 1 MINIMUM,12,NA,NA,NA,N,MIDTEX PAINT AND BODY 254-547-0641,"906 W HWY 190, COPPERAS COVE, TX, 76522",NONE,NA,NA,EAST,Y,1,0,0,0,0,1,0
14977407,2,MOTOR VEHICLE,N,N,TX,1HD1BFV27DB052486,NA,RED,HARLEY-DAVIDSON,NA,MOTORCYCLE,N,77062,2,NA,BACK END DAMAGE DISTRIBUTED IMPACT,DAMAGED 1 MINIMUM,12,RIGHT SIDE DAMAGE ANGULAR IMPACT,DAMAGED 1 MINIMUM,3,N,DRIVER,PARKING LOT,NONE,NA,NA,NORTH,Y,0,0,1,0,0,1,0
14985204,3,MOTOR VEHICLE,Y,N,TX,RFVPAC201G1017362,NA,RED,NA,NA,MOTORCYCLE,N,78721,2,NA,NA,NA,NA,NA,NA,NA,,,,NONE,NA,NA,NORTH,N,0,0,0,0,0,0,0
15034103,1,MOTOR VEHICLE,N,N,TX,JS1VY51A012102563,2001,BLU,SUZUKI,UNKNOWN,MOTORCYCLE,N,75021,2,NA,"MOTORCYCLE, SCOOTER, MOPED, ETC. ONLY",DAMAGED 1 MINIMUM,9,NA,NA,NA,Y,CONTRACT WRECKER,GARLAND PD CITY POUND,SPEEDING - (OVERLIMIT),FLEEING OR EVADING POLICE,NA,NORTHWEST,Y,1,0,0,0,0,1,0
15012693,1,MOTOR VEHICLE,N,N,TX,JS1NP41A772102498,2007,BLU,SUZUKI,UNKNOWN,MOTORCYCLE,N,78624,2,NA,"MOTORCYCLE, SCOOTER, MOPED, ETC. ONLY",DAMAGED 1 MINIMUM,NA,NA,NA,NA,Y,VIERUS AUTO (830)998-2520,"201 E. SAN ANTONIO, FREDERICKSBURG, TX.",UNSAFE SPEED,HAD BEEN DRINKING,NA,SOUTHWEST,Y,1,0,0,0,0,1,0
15024559,2,MOTOR VEHICLE,Y,N,TX,JYARN39E1FA000791,NA,RED,YAMAHA,UNKNOWN,MOTORCYCLE,N,77706,1,PROOF OF LIABILITY INSURANCE,FRONT END DAMAGE CONCENTRATED IMPACT,DAMAGED 1 MINIMUM,1,NA,NA,NA,N,DRIVER,DRIVEN AWAY,NONE,NA,NA,SOUTH,Y,0,0,0,0,0,0,0
14994620,2,MOTOR VEHICLE,N,N,TX,ZJTFRH00W0077893,1998,BLK,OTHER (EXPLAIN IN NARRATIVE),OTHER (EXPLAIN IN NARRATIVE),MOTORCYCLE,N,75205,2,NA,"MOTORCYCLE, SCOOTER, MOPED, ETC. ONLY",DAMAGED 1 MINIMUM,12,NA,NA,NA,N,,,NONE,NA,NA,WEST,Y,0,1,0,0,0,1,0
15019010,1,MOTOR VEHICLE,N,N,TX,JKAEXEE10CDA04110,NA,GRN,KAWASAKI,UNKNOWN,MOTORCYCLE,N,76302,1,PROOF OF LIABILITY INSURANCE,"MOTORCYCLE, SCOOTER, MOPED, ETC. ONLY",DAMAGED 1 MINIMUM,NA,NA,NA,NA,Y,BIG DADDY'S WRECKER 940-767-5555,"3101 ARMORY RD, WICHITA FALLS TX, 76302",UNDER INFLUENCE - ALCOHOL,NA,NA,NORTHEAST,Y,0,0,0,1,0,0,0
14993482,2,MOTOR VEHICLE,N,N,TX,1HD1BW519BB027707,NA,BLK,HARLEY-DAVIDSON,NA,MOTORCYCLE,N,78640,1,PROOF OF LIABILITY INSURANCE,"MOTORCYCLE, SCOOTER, MOPED, ETC. ONLY",DAMAGED 1 MINIMUM,4,NA,NA,NA,N,,,NONE,NA,NA,WEST,Y,0,0,0,1,0,0,0
15041118,2,MOTOR VEHICLE,N,N,TX,1HD1GHL10WY319684,1998,BLU,HARLEY-DAVIDSON,NA,MOTORCYCLE,N,77662,1,PROOF OF LIABILITY INSURANCE,FRONT END DAMAGE DISTRIBUTED IMPACT,DAMAGED 3,12,NA,NA,NA,N,RAY'S,240 W FREEWAY   769-5175,NONE,NA,NA,WEST,Y,1,0,0,0,0,1,0
14991859,3,MOTOR VEHICLE,N,N,TX,1HD4LE219DC442483,NA,BLK,HARLEY-DAVIDSON,UNKNOWN,MOTORCYCLE,N,77057,1,PROOF OF LIABILITY INSURANCE,"MOTORCYCLE, SCOOTER, MOPED, ETC. ONLY",DAMAGED 1 MINIMUM,NA,NA,NA,NA,Y,SARAH INVESTMENTS,4004 ARC,NONE,NA,NA,WEST,N,1,0,0,0,0,1,0
14990040,2,MOTOR VEHICLE,N,N,TX,1HD4CR217EC433497,NA,BLK,HARLEY-DAVIDSON,UNKNOWN,MOTORCYCLE,N,79072,1,PROOF OF LIABILITY INSURANCE,LEFT SIDE DAMAGE ANGULAR IMPACT,DAMAGED 1 MINIMUM,8,NA,NA,NA,N,,,NONE,NA,NA,EAST,Y,0,0,0,2,0,0,0
15046786,2,MOTOR VEHICLE,N,N,TX,4MZJX03DX63602177,2006,BLK,BUELL,NA,MOTORCYCLE,N,77007,1,PROOF OF LIABILITY INSURANCE,"MOTORCYCLE, SCOOTER, MOPED, ETC. ONLY",DAMAGED 1 MINIMUM,NA,NA,NA,NA,N,ELITE COLLISION #807,1733 ENNIS  713.523.3338,NONE,NA,NA,EAST,Y,0,0,1,0,0,1,0
15034589,2,MOTOR VEHICLE,N,N,TX,1HFSC18071A502483,2001,BLK,HONDA,NA,MOTORCYCLE,N,75126,1,PROOF OF LIABILITY INSURANCE,"MOTORCYCLE, SCOOTER, MOPED, ETC. ONLY",DAMAGED 1 MINIMUM,NA,NA,NA,NA,Y,EASTLAKE WRECKER,"306 E BROAD, FORNEY, TX 75126",NONE,NA,NA,NORTH,Y,1,0,0,0,0,1,0
15026408,1,MOTOR VEHICLE,N,N,TX,JKAZX4R179A013612,NA,GRN,KAWASAKI,NA,MOTORCYCLE,N,75042,3,LIABILITY INSURANCE POLICY,FRONT END DAMAGE DISTRIBUTED IMPACT,DAMAGED 3,12,RIGHT SIDE DAMAGE ANGULAR IMPACT,DAMAGED 2,3,Y,CONTRACT WRECKER,"1955 VILBIG, DALLAS, TEXAS",FOLLOWED TOO CLOSELY,NA,NA,EAST,Y,0,0,1,0,0,1,0
15110581,1,MOTOR VEHICLE,N,N,TX,,2000,GRN,HARLEY-DAVIDSON,UNKNOWN,MOTORCYCLE,N,76513,1,LIABILITY INSURANCE POLICY,"MOTORCYCLE, SCOOTER, MOPED, ETC. ONLY",DAMAGED 1 MINIMUM,NA,NA,NA,NA,N,LOOP 121 TOWING,LOOP 121 TOWING,FAILED TO YIELD ROW - EMERGENCY VEHICLE,OTHER (EXPLAIN IN NARRATIVE),NA,EAST,Y,0,1,0,0,0,1,0
15028553,1,MOTOR VEHICLE,N,N,TX,MLCCH41A1E1600826,NA,SIL,SUZUKI,NA,MOTORCYCLE,N,79938,1,LIABILITY INSURANCE POLICY,FRONT END DAMAGE CONCENTRATED IMPACT,DAMAGED 1 MINIMUM,12,FRONT END (RIGHT)  DAMAGE PARTIAL CONTACT,DAMAGED 2,1,Y,SOHLE,11615 RAILROAD,WRONG WAY - ONE WAY ROAD,NA,NA,SOUTH,Y,0,1,0,0,0,1,0
15044196,2,MOTOR VEHICLE,N,N,TX,1HD1TEN13EB961471,NA,SIL,HARLEY-DAVIDSON,UNKNOWN,MOTORCYCLE,N,75022,1,PROOF OF LIABILITY INSURANCE,"MOTORCYCLE, SCOOTER, MOPED, ETC. ONLY",DAMAGED 1 MINIMUM,NA,NA,NA,NA,Y,MITCHEM WRECKER SERVICE,"5715 W. IH 20 BIG SPRING, TX 79720",NONE,NA,NA,NORTH,Y,1,0,0,0,0,1,0
15040954,2,MOTOR VEHICLE,N,N,TX,JYAVP33E8BA000394,NA,MAR,YAMAHA,UNKNOWN,MOTORCYCLE,N,78417,1,PROOF OF LIABILITY INSURANCE,"MOTORCYCLE, SCOOTER, MOPED, ETC. ONLY",DAMAGED 1 MINIMUM,12,NA,NA,NA,N,ERIKA'S WRECKER,2528 HOLLY RD,NONE,NA,NA,WEST,Y,0,0,0,0,0,0,1
15043779,2,MOTOR VEHICLE,N,N,TX,JKAEXEE19GDA21266,NA,GRN,KAWASAKI,NA,MOTORCYCLE,N,77345,1,PROOF OF LIABILITY INSURANCE,RIGHT SIDE AND TOP DAMAGE ROLLOVER EFFECTS,DAMAGED 4,NA,FRONT END DAMAGE DISTRIBUTED IMPACT,DAMAGED 3,NA,Y,ANGEL WRECKER SERVICE,11360 EASTEX FRWY,NONE,NA,NA,NORTH,N,1,0,0,0,0,1,0
15037132,1,MOTOR VEHICLE,N,N,TX,JKAEXEE19GDA20974,NA,RED,KAWASAKI,NA,MOTORCYCLE,N,75243,1,PROOF OF LIABILITY INSURANCE,"MOTORCYCLE, SCOOTER, MOPED, ETC. ONLY",DAMAGED 1 MINIMUM,NA,NA,NA,NA,Y,JORDAN TOWING,"601 DIGITAL, PLANO, TX 75075",UNSAFE SPEED,NA,NA,NORTHWEST,Y,1,0,0,0,0,1,0
15010908,2,MOTOR VEHICLE,N,N,TX,1HD1BX51X9Y028359,NA,SIL,HARLEY-DAVIDSON,UNKNOWN,MOTORCYCLE,N,75650,1,PROOF OF LIABILITY INSURANCE,BACK END DAMAGE DISTRIBUTED IMPACT,DAMAGED 1 MINIMUM,6,NA,NA,NA,N,PRIVATE VEHICLE,OWNERS RESIDENCE,NONE,NA,NA,EAST,Y,0,1,0,0,0,1,0
15069514,1,MOTOR VEHICLE,N,N,TX,4MZKP13CX23500812,2002,BLK,BUELL,NA,MOTORCYCLE,N,78254,2,NA,FRONT END DAMAGE DISTRIBUTED IMPACT,DAMAGED 5,12,NA,NA,NA,N,TEXAS TOWING,GROWDON POUND,UNDER INFLUENCE - ALCOHOL,NA,OVERTAKE AND PASS INSUFFICIENT CLEARANCE,NORTH,Y,1,0,0,0,0,1,0
15018769,2,MOTOR VEHICLE,N,N,TX,1HD1BMY4X3Y044184,2003,SIL,HARLEY-DAVIDSON,NA,MOTORCYCLE,N,77502,1,PROOF OF LIABILITY INSURANCE,FRONT END (LEFT) DAMAGE PARTIAL CONTACT,DAMAGED 1 MINIMUM,11,DISTRIBUTED LEFT SIDE DAMAGE PARALLEL IMPACT,DAMAGED 1 MINIMUM,9,N,,,NONE,NA,NA,WEST,Y,0,1,0,0,0,1,0
15028018,2,MOTOR VEHICLE,N,N,TX,MLHNC5216F5102380,NA,RED,HONDA,NA,MOTORCYCLE,N,77095,2,NA,DISTRIBUTED RIGHT SIDE DAMAGE PARALLEL IMPACT,DAMAGED 2,3,FRONT END DAMAGE CONCENTRATED IMPACT,NO DAMAGE,12,N,NORTHWAY WRECKER CHIP #891,7938 WRIGHT RD. #B,NONE,NA,NA,NORTH,Y,0,0,0,1,0,0,0
15000322,2,MOTOR VEHICLE,N,N,TX,1HD1GX4137K309678,2007,BLK,HARLEY-DAVIDSON,NA,MOTORCYCLE,N,79101,1,PROOF OF LIABILITY INSURANCE,FRONT END DAMAGE DISTRIBUTED IMPACT,DAMAGED 4,12,NA,NA,NA,N,COMPETITION TOWING,"8409 I40 E, AMA, TX 79118 373-5858",NONE,NA,NA,SOUTHWEST,Y,0,0,1,0,0,1,0
15029878,2,MOTOR VEHICLE,Y,N,TX,JH2SC5152DK100092,NA,BLK,HONDA,NA,MOTORCYCLE,N,78613,1,LIABILITY INSURANCE POLICY,"MOTORCYCLE, SCOOTER, MOPED, ETC. ONLY",DAMAGED 1 MINIMUM,6,NA,NA,NA,N,LAKESIDE TOWING (512)259-6620,"911 QUEST PARKWAY, CEDAR PARK, TX 78613",NONE,NA,NA,SOUTHEAST,Y,0,0,0,0,0,0,0
15002799,1,MOTOR VEHICLE,N,N,TX,1HD1FC4167Y637010,2007,MAR,HARLEY-DAVIDSON,UNKNOWN,MOTORCYCLE,N,78666,1,PROOF OF LIABILITY INSURANCE,"MOTORCYCLE, SCOOTER, MOPED, ETC. ONLY",DAMAGED 1 MINIMUM,12,NA,NA,NA,Y,AUS-TEX AUTO ENTERPRISES LLC,OWNERS RESIDENCE/REQUEST,NA,NA,FAULTY EVASIVE ACTION,SOUTHWEST,Y,0,1,0,0,0,1,0
15081679,1,MOTOR VEHICLE,N,N,TX,JS1GN7DA172109118,2007,BLK,SUZUKI,NA,MOTORCYCLE,N,78046,1,LIABILITY INSURANCE POLICY,DISTRIBUTED LEFT SIDE DAMAGE PARALLEL IMPACT,DAMAGED 4,10,DISTRIBUTED RIGHT SIDE DAMAGE PARALLEL IMPACT,DAMAGED 4,2,N,CITY TOWING,1205 N JARVIS,FAILED TO CONTROL SPEED,NA,NA,NORTH,Y,0,1,0,0,0,1,0
14998053,4,MOTOR VEHICLE,Y,N,TX,JH2PC40099K200011,NA,BLK,HONDA,UNKNOWN,MOTORCYCLE,N,78758,1,LIABILITY INSURANCE POLICY,"MOTORCYCLE, SCOOTER, MOPED, ETC. ONLY",DAMAGED 1 MINIMUM,12,NA,NA,NA,,,,NONE,NA,NA,SOUTHWEST,N,0,0,0,0,0,0,0
15010908,1,MOTOR VEHICLE,N,N,TX,1HD1JD5307Y077926,2007,WHI,HARLEY-DAVIDSON,UNKNOWN,MOTORCYCLE,N,75650,1,PROOF OF LIABILITY INSURANCE,RIGHT SIDE DAMAGE ANGULAR IMPACT,DAMAGED 2,3,NA,NA,NA,N,PRIVATE VEHICLE,OWNERS RESIDENCE,FAILED TO CONTROL SPEED,NA,NA,EAST,Y,0,1,0,0,0,1,0
15022698,1,MOTOR VEHICLE,N,N,TX,JYARN17E5DA009093,NA,BLK,YAMAHA,UNKNOWN,MOTORCYCLE,N,77007,1,PROOF OF LIABILITY INSURANCE,"MOTORCYCLE, SCOOTER, MOPED, ETC. ONLY",DAMAGED 1 MINIMUM,NA,NA,NA,NA,Y,CFM TOWING,"1104 S FRAZIER CONROE, TX 77301",UNSAFE SPEED,UNDER INFLUENCE - ALCOHOL,UNDER INFLUENCE - DRUG,NORTHWEST,Y,0,1,0,0,0,1,0
15013376,2,MOTOR VEHICLE,N,N,TX,1HD1FDV1X3Y725198,2003,BLK,HARLEY-DAVIDSON,UNKNOWN,MOTORCYCLE,N,77378,1,PROOF OF LIABILITY INSURANCE,FRONT END (LEFT) DAMAGE PARTIAL CONTACT,DAMAGED 1 MINIMUM,10,NA,NA,NA,N,DRIVER,DROVE AWAY,NONE,NA,NA,NORTH,Y,0,0,0,1,0,0,0
15071287,2,MOTOR VEHICLE,N,N,TX,JH2RC5346EK700022,NA,BLU,HONDA,UNKNOWN,MOTORCYCLE,N,77845,1,PROOF OF LIABILITY INSURANCE,LEFT SIDE DAMAGE ANGULAR IMPACT,DAMAGED 2,12,NA,NA,NA,N,EXCEL,"1804 FINFEATHER, BRYAN",NONE,NA,NA,SOUTH,Y,1,0,0,0,0,1,0
15038126,2,MOTOR VEHICLE,N,N,TX,1HD1KRM16EB667896,NA,BLK,HARLEY-DAVIDSON,UNKNOWN,MOTORCYCLE,N,76065,1,PROOF OF LIABILITY INSURANCE,FRONT END DAMAGE DISTRIBUTED IMPACT,DAMAGED 3,12,BACK END DAMAGE DISTRIBUTED IMPACT,DAMAGED 3,6,Y,BEARDS TOWING,"5033 SUN VALLEY DR. FORT WORTH,TX 76119",NONE,NA,NA,NORTHEAST,Y,0,0,1,0,0,1,0
15013502,2,MOTOR VEHICLE,N,N,LA,1HD1GX418CC319353,NA,BLK,HARLEY-DAVIDSON,NA,MOTORCYCLE,N,76179,1,LIABILITY INSURANCE POLICY,BACK END (LEFT) DAMAGE PARTIAL CONTACT,DAMAGED 1 MINIMUM,6,RIGHT FRONT QUARTER DAMAGE ANGULAR IMPACT,DAMAGED 1 MINIMUM,3,N,LONESTAR TOWING,636 GRANITE RIDGE DR. FW TX 76179,NONE,NA,NA,WEST,Y,0,0,0,1,0,0,0
15010880,2,MOTOR VEHICLE,N,N,TX,1HD1FFW163Y629448,2003,BLK,HARLEY-DAVIDSON,UNKNOWN,MOTORCYCLE,N,77371,2,NA,"MOTORCYCLE, SCOOTER, MOPED, ETC. ONLY",DAMAGED 1 MINIMUM,NA,NA,NA,NA,Y,KEN'S TOWING  936-327-4338,"1806 N. WASHINGTON, LIVINGSTON TX 77351",NONE,NA,NA,NORTH,Y,0,1,0,0,0,1,0
15040449,2,MOTOR VEHICLE,N,N,TX,1HD1BXB1X2Y034737,2002,BLK,HARLEY-DAVIDSON,UNKNOWN,MOTORCYCLE,N,79756,2,NA,NA,NA,NA,NA,NA,NA,N,OWNER,OWNER,NONE,NA,NA,SOUTHWEST,Y,0,0,0,1,0,0,0
15017363,2,MOTOR VEHICLE,N,N,TX,SMT910K19FT681181,NA,BLK,NA,NA,MOTORCYCLE,N,79934,1,PROOF OF LIABILITY INSURANCE,BACK END DAMAGE CONCENTRATED IMPACT,DAMAGED 2,6,NA,NA,NA,N,PRIVATE WRECKER,AT OWNER'S REQUEST,NONE,NA,NA,SOUTHEAST,Y,0,0,0,1,0,0,0
14992005,1,MOTOR VEHICLE,N,N,TX,JYAVP17E75A012135,2005,BLK,YAMAHA,UNKNOWN,MOTORCYCLE,N,75035,1,PROOF OF LIABILITY INSURANCE,BACK END (LEFT) DAMAGE PARTIAL CONTACT,DAMAGED 1 MINIMUM,7,NA,NA,NA,N,DRIVEN OFF BY OWNER,,DRIVER INATTENTION,OTHER (EXPLAIN IN NARRATIVE),NA,NORTHWEST,Y,0,0,0,1,0,0,0
15017875,1,MOTOR VEHICLE,N,N,TX,JYARN20E27A008732,2000,BLK,YAMAHA,NA,MOTORCYCLE,N,77027,1,PROOF OF LIABILITY INSURANCE,"MOTORCYCLE, SCOOTER, MOPED, ETC. ONLY",DAMAGED 1 MINIMUM,NA,NA,NA,NA,N,,LEFT LEGALLY PARKED AT 1800 ASHLAND,NONE,NA,NA,EAST,Y,0,0,1,0,0,1,0
15052485,1,MOTOR VEHICLE,N,N,TX,SMT900K1XET621217,NA,BLK,NA,NA,MOTORCYCLE,N,77339,1,LIABILITY INSURANCE POLICY,"MOTORCYCLE, SCOOTER, MOPED, ETC. ONLY",DAMAGED 1 MINIMUM,NA,NA,NA,NA,N,HUMBLE TOWING,16711 EASTEX,NONE,NA,NA,SOUTH,Y,0,0,1,0,0,1,0
14998613,1,MOTOR VEHICLE,N,N,TX,JS1GT77A772100750,2007,BLU,SUZUKI,NA,MOTORCYCLE,N,75061,2,NA,DISTRIBUTED LEFT SIDE DAMAGE PARALLEL IMPACT,DAMAGED 6,9,NA,NA,NA,N,PRO TOW,"DENTON, TX",FLEEING OR EVADING POLICE,UNSAFE SPEED,UNDER INFLUENCE - DRUG,SOUTH,Y,0,1,0,0,0,1,0
15015644,1,MOTOR VEHICLE,N,N,TX,JYAVP17E07A024775,2007,RED,YAMAHA,UNKNOWN,MOTORCYCLE,N,75672,1,PROOF OF LIABILITY INSURANCE,DISTRIBUTED RIGHT SIDE DAMAGE PARALLEL IMPACT,DAMAGED 3,1,NA,NA,NA,N,RELEASED AT SCENE,,OTHER (EXPLAIN IN NARRATIVE),NA,NA,SOUTHWEST,Y,0,0,0,1,0,0,0
15050662,2,MOTOR VEHICLE,N,N,OK,1HD1CT316FC419865,NA,ONG,HARLEY-DAVIDSON,NA,MOTORCYCLE,N,79413,1,LIABILITY INSURANCE POLICY,"MOTORCYCLE, SCOOTER, MOPED, ETC. ONLY",DAMAGED 1 MINIMUM,6,NA,NA,NA,N,LUBBOCK WRECKER,LUBBOCK WRECKER  3209 SLATON HWY   806-7,NONE,NA,NA,WEST,Y,0,1,0,0,0,1,0
15051763,2,MOTOR VEHICLE,N,N,TX,JKAEXEE16GDA21497,NA,GRY,KAWASAKI,NA,MOTORCYCLE,N,78405,2,NA,"MOTORCYCLE, SCOOTER, MOPED, ETC. ONLY",DAMAGED 1 MINIMUM,3,NA,NA,NA,Y,ACE-1 WRECKER,IMPOUND,NONE,NA,NA,NORTH,Y,0,1,0,0,0,1,0
15010403,2,MOTOR VEHICLE,N,N,TX,JKBVNMA164A003982,2004,BLU,KAWASAKI,NA,MOTORCYCLE,N,79912,1,PROOF OF LIABILITY INSURANCE,FRONT END DAMAGE DISTRIBUTED IMPACT,DAMAGED 3,NA,DISTRIBUTED LEFT SIDE DAMAGE PARALLEL IMPACT,DAMAGED 2,NA,Y,AD TOWING,DRIVERS REQUEST,FAULTY EVASIVE ACTION,NA,NA,NORTH,Y,0,1,0,0,0,1,0
15070323,1,MOTOR VEHICLE,N,N,TX,1HD1HFH468K804101,NA,BLK,HONDA,UNKNOWN,MOTORCYCLE,N,76001,1,LIABILITY INSURANCE POLICY,"MOTORCYCLE, SCOOTER, MOPED, ETC. ONLY",DAMAGED 1 MINIMUM,NA,NA,NA,NA,N,,,FAILED TO CONTROL SPEED,UNDER INFLUENCE - ALCOHOL,NA,SOUTH,Y,0,1,0,0,0,1,0