CRASH_ID,UNIT_NBR,UNIT_DESC_ID,VEH_PARKED_FL,VEH_HNR_FL,VEH_LIC_STATE_ID,VIN,VEH_MOD_YEAR,VEH_COLOR_ID,VEH_MAKE_ID,VEH_MOD_ID,VEH_BODY_STYL_ID,EMER_RESPNDR_FL,OWNR_ZIP,FIN_RESP_PROOF_ID,FIN_RESP_TYPE_ID,VEH_DMAG_AREA_1_ID,VEH_DMAG_SCL_1_ID,FORCE_DIR_1_ID,VEH_DMAG_AREA_2_ID,VEH_DMAG_SCL_2_ID,FORCE_DIR_2_ID,VEH_INVENTORIED_FL,VEH_TRANSP_NAME,VEH_TRANSP_DEST,CONTRIB_FACTR_1_ID,CONTRIB_FACTR_2_ID,CONTRIB_FACTR_P1_ID,VEH_TRVL_DIR_ID,FIRST_HARM_EVT_INV_ID,INCAP_INJRY_CNT,NONINCAP_INJRY_CNT,POSS_INJRY_CNT,NON_INJRY_CNT,UNKN_INJRY_CNT,TOT_INJRY_CNT,DEATH_CNT
15035829,2,MOTOR VEHICLE,N,N,TX,1HD1LF322CC424454,NA,BLK,HARLEY-DAVIDSON,UNKNOWN,MOTORCYCLE,N,77706,1,PROOF OF LIABILITY INSURANCE,BACK END DAMAGE DISTRIBUTED IMPACT,DAMAGED 3,6,RIGHT SIDE DAMAGE ANGULAR IMPACT,DAMAGED 3,3,N,DOUG'S,WRECKER LOT,NONE,NA,NA,SOUTH,Y,0,1,0,0,0,1,0
15072109,1,MOTOR VEHICLE,N,N,TX,JS1GR7HA412105909,2001,BLK,SUZUKI,UNKNOWN,MOTORCYCLE,N,77048,1,PROOF OF LIABILITY INSURANCE,DISTRIBUTED LEFT SIDE DAMAGE PARALLEL IMPACT,DAMAGED 2,9,DISTRIBUTED RIGHT SIDE DAMAGE PARALLEL IMPACT,DAMAGED 1 MINIMUM,3,N,WILLIAM WHITE,"5326 TAVENOR LN HOUSTON, TX 77048",UNSAFE SPEED,NA,NA,WEST,Y,0,1,0,0,0,1,0
15006935,2,MOTOR VEHICLE,N,N,TX,JYASG18Y86A001092,2006,BLK,YAMAHA,NA,MOTORCYCLE,N,78704,1,LIABILITY INSURANCE POLICY,BACK END DAMAGE DISTRIBUTED IMPACT,DAMAGED 3,NA,NA,NA,NA,,,,NONE,NA,NA,SOUTH,Y,0,0,0,1,0,0,0
15080148,1,MOTOR VEHICLE,N,N,TX,1HD1MAM16AB854075,NA,BLU,HARLEY-DAVIDSON,NA,MOTORCYCLE,N,78558,1,PROOF OF LIABILITY INSURANCE,"MOTORCYCLE, SCOOTER, MOPED, ETC. ONLY",DAMAGED 1 MINIMUM,11,NA,NA,NA,Y,A&A AUTO & WRECKER SERVICES,"8025 SH 107 EDINBURG, TX 78542",FAILED TO DRIVE IN SINGLE LANE,NA,HAD BEEN DRINKING,WEST,Y,0,1,0,0,0,1,0
14991031,1,MOTOR VEHICLE,N,N,TX,JYAVP02E5YA005612,2000,BLK,YAMAHA,NA,MOTORCYCLE,N,76033,2,NA,DISTRIBUTED LEFT SIDE DAMAGE PARALLEL IMPACT,DAMAGED 1 MINIMUM,9,FRONT END DAMAGE CONCENTRATED IMPACT,DAMAGED 1 MINIMUM,12,N,,,FOLLOWED TOO CLOSELY,NA,NA,EAST,Y,0,0,0,1,0,0,0
15013972,2,MOTOR VEHICLE,N,N,TX,JS1SK43A972100993,2007,GRN,SUZUKI,NA,MOTORCYCLE,N,79605,1,LIABILITY INSURANCE POLICY,"MOTORCYCLE, SCOOTER, MOPED, ETC. ONLY",DAMAGED 1 MINIMUM,NA,NA,NA,NA,N,ABILENE WRECKER,5201 N 1ST,NONE,NA,NA,SOUTHWEST,Y,1,1,0,0,0,2,0
15005473,2,MOTOR VEHICLE,N,N,TX,JS1VY56A2D2100584,NA,BLK,SUZUKI,NA,MOTORCYCLE,N,78108,1,PROOF OF LIABILITY INSURANCE,FRONT END DAMAGE CONCENTRATED IMPACT,DAMAGED 4,12,NA,NA,NA,Y,JOHNNY'S WRECKER SERVICE,"315 PAT BOOKER ROAD, UNIVERSAL CITY, TX",NA,NA,UNDER INFLUENCE - ALCOHOL,SOUTH,N,0,0,0,0,0,0,1
15035341,2,MOTOR VEHICLE,N,N,TX,JKAZRCD12CA026562,NA,ONG,KAWASAKI,UNKNOWN,MOTORCYCLE,N,79752,1,PROOF OF LIABILITY INSURANCE,"MOTORCYCLE, SCOOTER, MOPED, ETC. ONLY",DAMAGED 1 MINIMUM,1,NA,NA,NA,N,NEAL POOL REKER SERVICE,"1117 S. GRANT ODESSA, TEXAS",NONE,NA,NA,EAST,Y,0,1,0,0,0,1,0
15077180,2,MOTOR VEHICLE,N,N,TX,JH2SC68G7CK000467,NA,WHI,HONDA,UNKNOWN,MOTORCYCLE,N,79549,1,PROOF OF LIABILITY INSURANCE,DISTRIBUTED RIGHT SIDE DAMAGE PARALLEL IMPACT,DAMAGED 1 MINIMUM,3,DISTRIBUTED LEFT SIDE DAMAGE PARALLEL IMPACT,DAMAGED 1 MINIMUM,9,N,DRIVER,REMOVED,NONE,NA,NA,SOUTH,Y,0,0,0,1,0,0,0
14998176,2,MOTOR VEHICLE,N,N,FL,JH2RC4300YM600448,2000,BLK,HONDA,UNKNOWN,MOTORCYCLE,N,77502,2,NA,"MOTORCYCLE, SCOOTER, MOPED, ETC. ONLY",DAMAGED 1 MINIMUM,NA,NA,NA,NA,N,THOMASON TOWING,8000 GALVESTON RD,NONE,NA,NA,SOUTH,Y,0,1,0,0,0,1,0
15006319,1,MOTOR VEHICLE,N,N,TX,JS1GR7DA4W2100206,1998,RED,SUZUKI,NA,MOTORCYCLE,N,77840,1,PROOF OF LIABILITY INSURANCE,FRONT END DAMAGE CONCENTRATED IMPACT,DAMAGED 4,12,NA,NA,NA,N,EXCEL,"1804 FINFEATHER, BRYAN",NONE,NA,NA,WEST,Y,0,1,0,0,0,1,0
15045342,1,MOTOR VEHICLE,N,N,TX,JH2PC35055M601881,2005,GRN,HONDA,NA,MOTORCYCLE,N,75028,1,PROOF OF LIABILITY INSURANCE,"MOTORCYCLE, SCOOTER, MOPED, ETC. ONLY",DAMAGED 1 MINIMUM,12,NA,NA,NA,N,PRO TOW,PRO TOW,FAILED TO CONTROL SPEED,DRIVER INATTENTION,NA,EAST,Y,0,0,1,0,0,1,0
15023040,1,MOTOR VEHICLE,N,N,CA,1HD1GDL31RY310202,1994,BLK,HARLEY-DAVIDSON,UNKNOWN,MOTORCYCLE,N,79938,2,NA,"MOTORCYCLE, SCOOTER, MOPED, ETC. ONLY",DAMAGED 1 MINIMUM,NA,NA,NA,NA,N,NEW BRAUNFELS TOWING,"5927 SAFARI LANE NEW BRAUNFELS, X 78130",UNSAFE SPEED,PASSED IN NO PASSING LANE,UNDER INFLUENCE - ALCOHOL,NORTHEAST,Y,1,0,0,0,0,1,0
15087826,2,MOTOR VEHICLE,N,N,TN,1HD1KRM11EB704109,NA,RED,HARLEY-DAVIDSON,UNKNOWN,MOTORCYCLE,N,37323,1,PROOF OF LIABILITY INSURANCE,BACK END DAMAGE CONCENTRATED IMPACT,DAMAGED 5,6,NA,NA,NA,N,,,NONE,NA,NA,SOUTH,Y,1,0,0,0,0,1,0
15005308,1,MOTOR VEHICLE,N,N,TX,JYAVM01E8YA021622,2000,RED,YAMAHA,UNKNOWN,MOTORCYCLE,N,76117,3,PROOF OF LIABILITY INSURANCE,"MOTORCYCLE, SCOOTER, MOPED, ETC. ONLY",DAMAGED 1 MINIMUM,9,NA,NA,NA,N,BIG DADDYS WRECKER SERVICE,212  NORTH COVINGTON ST. HILLSBORO TX,FAILED TO CONTROL SPEED,DRIVER INATTENTION,NA,NORTH,Y,0,0,1,0,0,1,0
15009353,1,MOTOR VEHICLE,N,Y,TX,JS1GN7CA752109915,2005,BLU,SUZUKI,UNKNOWN,MOTORCYCLE,N,78415,1,LIABILITY INSURANCE POLICY,"MOTORCYCLE, SCOOTER, MOPED, ETC. ONLY",DAMAGED 1 MINIMUM,NA,NA,NA,NA,Y,TEXSTAR WRECKER,3041 HOLLY RD,FLEEING OR EVADING POLICE,NA,UNSAFE SPEED,WEST,Y,0,1,0,0,0,1,0
15014959,1,MOTOR VEHICLE,N,N,TX,1HD1CGP49WY201692,1998,BRO,HARLEY-DAVIDSON,NA,MOTORCYCLE,N,79705,1,PROOF OF LIABILITY INSURANCE,DISTRIBUTED LEFT SIDE DAMAGE PARALLEL IMPACT,DAMAGED 1 MINIMUM,2,NA,NA,NA,N,DRIVEN AWAY,,DISREGARD STOP SIGN OR LIGHT,DRIVER INATTENTION,NA,NORTH,Y,0,1,0,0,0,1,0
15084379,1,MOTOR VEHICLE,N,N,TX,1HD1BKL11XY042671,1999,PLE,HARLEY-DAVIDSON,UNKNOWN,MOTORCYCLE,N,76365,1,LIABILITY INSURANCE POLICY,FRONT END DAMAGE CONCENTRATED IMPACT,DAMAGED 2,12,NA,NA,NA,N,DAVIS TOWING,"104 N. CENTRAL, PETROLIA, TEXAS 76377",NONE,NA,NA,SOUTH,Y,0,0,1,0,0,1,0
15088403,2,MOTOR VEHICLE,N,N,TX,JS1GR7MA3F2100245,NA,BLU,SUZUKI,NA,MOTORCYCLE,N,78539,1,PROOF OF LIABILITY INSURANCE,"MOTORCYCLE, SCOOTER, MOPED, ETC. ONLY",DAMAGED 1 MINIMUM,NA,NA,NA,NA,N,,,NONE,NA,NA,WEST,Y,0,0,1,0,0,1,0
15070399,1,MOTOR VEHICLE,N,N,TX,1HD1FCW12YY604732,2000,RED,HARLEY-DAVIDSON,NA,MOTORCYCLE,N,77044,1,PROOF OF LIABILITY INSURANCE,FRONT END DAMAGE DISTRIBUTED IMPACT,DAMAGED 1 MINIMUM,12,NA,NA,NA,N,UNKNOWN,UNKNOWN,NA,NA,SPEEDING - (OVERLIMIT),EAST,Y,0,1,0,0,0,1,0
15078068,1,MOTOR VEHICLE,N,N,TX,JYAVN05EXEA005313,NA,WHI,YAMAHA,UNKNOWN,MOTORCYCLE,N,76116,1,PROOF OF LIABILITY INSURANCE,FRONT END DAMAGE CONCENTRATED IMPACT,DAMAGED 1 MINIMUM,NA,RIGHT SIDE DAMAGE ANGULAR IMPACT,DAMAGED 1 MINIMUM,NA,N,GUY SIMONS,"2500 BRENNAN AVE FW, TX",DISREGARD STOP AND GO SIGNAL,NA,NA,EAST,Y,0,0,1,0,0,1,0
15050068,2,MOTOR VEHICLE,N,N,TX,JH2PC40087M007396,2007,BLK,HONDA,NA,MOTORCYCLE,N,63645,1,LIABILITY INSURANCE POLICY,FRONT END DAMAGE DISTRIBUTED IMPACT,DAMAGED 2,12,NA,NA,NA,N,620 LAKESIDE TOWING,620 LAKESIDE TOWING,NONE,NA,NA,WEST,Y,0,1,0,0,0,1,0
15018508,2,MOTOR VEHICLE,N,N,TX,JKAEX8A15EA000658,NA,GRN,KAWASAKI,NA,MOTORCYCLE,N,77040,2,NA,"MOTORCYCLE, SCOOTER, MOPED, ETC. ONLY",DAMAGED 1 MINIMUM,NA,NA,NA,NA,Y,HY-TECH TOWING & RECOVERY,8210 PINEMONT,NONE,NA,NA,SOUTH,Y,0,0,1,0,0,1,0
15022406,3,MOTOR VEHICLE,N,N,TX,1HD1GXM17FC327237,NA,BLK,HARLEY-DAVIDSON,NA,MOTORCYCLE,N,75801,1,PROOF OF LIABILITY INSURANCE,"MOTORCYCLE, SCOOTER, MOPED, ETC. ONLY",DAMAGED 1 MINIMUM,NA,NA,NA,NA,N,,,NONE,NA,NA,NORTHEAST,N,0,1,0,0,0,1,0
15044241,1,MOTOR VEHICLE,N,N,TX,JH2SC57057M302235,2007,BLK,HONDA,NA,MOTORCYCLE,N,75068,1,PROOF OF LIABILITY INSURANCE,"MOTORCYCLE, SCOOTER, MOPED, ETC. ONLY",DAMAGED 1 MINIMUM,12,NA,NA,NA,N,,,IMPROPER START FROM PARKED POSITION,NA,OTHER (EXPLAIN IN NARRATIVE),NORTHWEST,Y,0,0,0,1,0,0,0
15069529,1,MOTOR VEHICLE,N,N,TX,JS1GR7HA912105890,2001,BLK,SUZUKI,NA,MOTORCYCLE,N,75098,2,NA,"MOTORCYCLE, SCOOTER, MOPED, ETC. ONLY",DAMAGED 1 MINIMUM,9,NA,NA,NA,Y,CONTRACT WRECKER,"1955 VILBIG, DALLAS, TEXAS",SPEEDING - (OVERLIMIT),UNDER INFLUENCE - ALCOHOL,NA,SOUTHWEST,Y,1,0,0,0,0,1,0
15010045,2,MOTOR VEHICLE,N,N,TX,1HD1BLL16LY012551,1990,BLK,HARLEY-DAVIDSON,NA,MOTORCYCLE,N,75234,2,NA,FRONT END DAMAGE CONCENTRATED IMPACT,DAMAGED 4,12,NA,NA,NA,N,PRO TOW,"804 TEXAS ST DENTON, TX",NONE,NA,NA,EAST,Y,1,0,0,0,0,1,0
15013044,1,MOTOR VEHICLE,N,N,TX,1HFSC2200WA000579,1998,ONG,HONDA,UNKNOWN,MOTORCYCLE,N,75670,1,PROOF OF LIABILITY INSURANCE,"MOTORCYCLE, SCOOTER, MOPED, ETC. ONLY",DAMAGED 1 MINIMUM,NA,NA,NA,NA,N,COLE'S WRECKER (903)935-1140,"511 E. TRAVIS ST., MARSHALL, TX",UNDER INFLUENCE - ALCOHOL,UNDER INFLUENCE - DRUG,NA,EAST,Y,1,0,0,0,0,1,0
15053089,2,MOTOR VEHICLE,N,N,TX,JYAVP11E08A106127,NA,BLK,YAMAHA,NA,MOTORCYCLE,N,76543,1,PROOF OF LIABILITY INSURANCE,"MOTORCYCLE, SCOOTER, MOPED, ETC. ONLY",DAMAGED 1 MINIMUM,NA,NA,NA,NA,N,GOODE'S AUTOMOTIVE  (254)526-2774,"5209 S 195  KILLEEN, TX  76549",NONE,NA,NA,WEST,Y,0,0,1,0,0,1,0
15050038,2,MOTOR VEHICLE,N,N,TX,5N8017309,1982,RED,YAMAHA,NA,MOTORCYCLE,N,29640,1,LIABILITY INSURANCE POLICY,FRONT END DAMAGE DISTRIBUTED IMPACT,DAMAGED 2,12,NA,NA,NA,,,,NONE,NA,NA,SOUTH,Y,0,0,0,1,0,0,0
14993316,1,MOTOR VEHICLE,N,N,WY,1S92P10736P771180,2006,BLU,OTHER (EXPLAIN IN NARRATIVE),OTHER (EXPLAIN IN NARRATIVE),MOTORCYCLE,N,82301,1,PROOF OF LIABILITY INSURANCE,"MOTORCYCLE, SCOOTER, MOPED, ETC. ONLY",DAMAGED 1 MINIMUM,NA,NA,NA,NA,Y,MAGNOLIA TOWING,"41902 FM 1774 MAGNOLIA, TX 77354",UNSAFE SPEED,UNDER INFLUENCE - DRUG,NA,NORTHEAST,Y,1,0,0,0,0,1,0
15018649,2,MOTOR VEHICLE,N,N,TX,JH2SC51795M300247,2005,BLK,HONDA,NA,MOTORCYCLE,N,75237,1,PROOF OF LIABILITY INSURANCE,"MOTORCYCLE, SCOOTER, MOPED, ETC. ONLY",DAMAGED 1 MINIMUM,1,NA,NA,NA,Y,DAVES WRECKER,3010 HARD ROCK RD. GRAND PRAIRIE,NONE,NA,NA,WEST,Y,0,0,1,0,0,1,0
15090669,2,MOTOR VEHICLE,N,N,TX,JH2PC37073M002510,2003,WHI,HONDA,NA,MOTORCYCLE,N,79336,1,LIABILITY INSURANCE POLICY,BACK END DAMAGE CONCENTRATED IMPACT,DAMAGED 7 HIGHEST,6,NA,NA,NA,Y,LUBBOCK WRECKER,LUBBOCK WRECKER  3209 SLATON HWY   806-7,NONE,NA,NA,SOUTH,Y,1,0,0,0,0,1,0
14999040,2,MOTOR VEHICLE,N,N,TX,JH2PF01417K400279,2007,SIL,HONDA,NA,MOTORCYCLE,N,75708,1,PROOF OF LIABILITY INSURANCE,"MOTORCYCLE, SCOOTER, MOPED, ETC. ONLY",DAMAGED 1 MINIMUM,NA,NA,NA,NA,N,CAMPBELLS TOWING,"3053 SPUR 124  TYLER, TX",NONE,NA,NA,EAST,Y,0,1,0,0,0,1,0
15042729,2,MOTOR VEHICLE,Y,N,TX,4K7S81358YC009326,2002,WHI,UNKNOWN,UNKNOWN,MOTORCYCLE,N,77520,1,PROOF OF LIABILITY INSURANCE,RIGHT SIDE DAMAGE ANGULAR IMPACT,DAMAGED 2,9,LEFT SIDE DAMAGE ANGULAR IMPACT,DAMAGED 2,9,N,,,NONE,NA,NA,NORTH,N,0,0,0,0,0,0,0
15025146,2,MOTOR VEHICLE,N,N,TX,SJN548791B1388100,2000,BLU,HARLEY-DAVIDSON,NA,MOTORCYCLE,N,78550,2,NA,LEFT SIDE DAMAGE ANGULAR IMPACT,DAMAGED 1 MINIMUM,9,NA,NA,NA,N,DOUBLE A WRECKER,"502 W JACKSON, HARLINGEN",NONE,NA,NA,SOUTHEAST,Y,1,0,0,0,0,1,0
15044036,2,MOTOR VEHICLE,N,N,TX,JS1VS55AX52117251,2005,MUL,ISUZU,UNKNOWN,MOTORCYCLE,N,77414,2,NA,FRONT END DAMAGE CONCENTRATED IMPACT,DAMAGED 3,12,NA,NA,NA,N,,,NONE,NA,NA,SOUTH,Y,1,0,0,0,0,1,0
15052787,1,MOTOR VEHICLE,N,N,TX,JH2PC3509XM004686,1999,RED,HONDA,NA,MOTORCYCLE,N,75236,2,NA,"MOTORCYCLE, SCOOTER, MOPED, ETC. ONLY",DAMAGED 1 MINIMUM,12,NA,NA,NA,Y,CONTRACT WRECKER,"1955 VILBIG, DALLAS, TEXAS",FAILED TO DRIVE IN SINGLE LANE,NA,NA,WEST,Y,0,0,0,0,0,0,1
15013628,2,MOTOR VEHICLE,N,N,TX,2D45MC011ES000340,NA,BLK,APRILIA,UNKNOWN,MOTORCYCLE,N,78204,1,LIABILITY INSURANCE POLICY,LEFT SIDE DAMAGE ANGULAR IMPACT,DAMAGED 2,9,NA,NA,NA,N,,,NONE,NA,NA,NORTH,Y,0,0,1,0,0,1,0
15047870,2,MOTOR VEHICLE,N,N,TX,1HFSC46052A011089,2002,PLE,HONDA,UNKNOWN,MOTORCYCLE,N,78233,1,PROOF OF LIABILITY INSURANCE,FRONT END (RIGHT)  DAMAGE PARTIAL CONTACT,DAMAGED 2,1,LEFT SIDE DAMAGE ANGULAR IMPACT,DAMAGED 3,9,N,,,NONE,NA,NA,NORTHWEST,Y,0,0,1,0,0,1,0
15048668,2,MOTOR VEHICLE,N,N,TX,1HD1GX4189K304432,NA,BLK,HARLEY-DAVIDSON,UNKNOWN,MOTORCYCLE,N,75071,1,PROOF OF LIABILITY INSURANCE,FRONT END DAMAGE DISTRIBUTED IMPACT,DAMAGED 7 HIGHEST,12,NA,NA,NA,N,ROPERS,ROPERS 1625 N MCDONALD ST MCKINNEY TX 75,NONE,NA,NA,SOUTH,Y,1,0,0,0,0,1,0
15000104,1,MOTOR VEHICLE,N,N,TX,5VPWB36N3C3007392,NA,BLK,VICTORY,UNKNOWN,MOTORCYCLE,N,75035,1,PROOF OF LIABILITY INSURANCE,"MOTORCYCLE, SCOOTER, MOPED, ETC. ONLY",DAMAGED 1 MINIMUM,NA,NA,NA,NA,N,B&B WRECKER (817) 283-2121,"1201 W EULESS BLVD. EULESS, TX 76040",DRIVER INATTENTION,HAD BEEN DRINKING,NA,SOUTH,Y,0,0,1,0,0,1,0
15028293,1,MOTOR VEHICLE,N,N,TX,JS1VS53A6W2104081,1998,RED,SUZUKI,NA,MOTORCYCLE,N,75703,1,PROOF OF LIABILITY INSURANCE,FRONT END DAMAGE DISTRIBUTED IMPACT,DAMAGED 1 MINIMUM,NA,LEFT FRONT QUARTER DAMAGE ANGULAR IMPACT,DAMAGED 1 MINIMUM,NA,N,,,FAILED TO CONTROL SPEED,NA,NA,NORTH,Y,0,0,0,1,0,0,0
15095030,2,MOTOR VEHICLE,N,N,TX,1HD1FFM17DB661462,NA,BLK,HARLEY-DAVIDSON,UNKNOWN,MOTORCYCLE,N,75042,1,PROOF OF LIABILITY INSURANCE,"MOTORCYCLE, SCOOTER, MOPED, ETC. ONLY",DAMAGED 1 MINIMUM,NA,NA,NA,NA,N,PRIVATE TOW,OWNERS ADDRESS,NA,NA,UNDER INFLUENCE - ALCOHOL,SOUTHWEST,Y,0,1,0,0,0,1,0
15030269,1,MOTOR VEHICLE,N,N,TX,1HFSC52646A303139,2006,BLK,HONDA,UNKNOWN,MOTORCYCLE,N,76116,1,PROOF OF LIABILITY INSURANCE,"MOTORCYCLE, SCOOTER, MOPED, ETC. ONLY",DAMAGED 1 MINIMUM,12,NA,NA,NA,N,BRAD'S TOWING,"1630 RIVERVIEW DR. LEWISVILLE, TX.",NONE,NA,NA,SOUTH,Y,0,1,0,0,0,1,0
15088560,2,MOTOR VEHICLE,N,N,TX,1HD1FCW133Y634427,2003,WHI,HARLEY-DAVIDSON,UNKNOWN,MOTORCYCLE,N,76116,1,PROOF OF LIABILITY INSURANCE,"MOTORCYCLE, SCOOTER, MOPED, ETC. ONLY",DAMAGED 1 MINIMUM,1,NA,NA,NA,N,,,NONE,NA,NA,SOUTH,Y,0,0,1,0,0,1,0
15000191,1,MOTOR VEHICLE,N,N,TX,1HD1BXB1X6Y041810,2006,BLU,HARLEY-DAVIDSON,NA,MOTORCYCLE,N,78748,1,PROOF OF LIABILITY INSURANCE,BACK END DAMAGE DISTRIBUTED IMPACT,DAMAGED 4,NA,RIGHT SIDE DAMAGE ANGULAR IMPACT,DAMAGED 3,NA,N,,,CHANGED LANE WHEN UNSAFE,DRIVER INATTENTION,NA,NORTHEAST,Y,0,1,0,0,0,1,0
14996110,1,MOTOR VEHICLE,N,N,TX,JKBVNKD137A014085,2007,BLK,KAWASAKI,NA,MOTORCYCLE,N,79501,1,PROOF OF LIABILITY INSURANCE,"MOTORCYCLE, SCOOTER, MOPED, ETC. ONLY",DAMAGED 1 MINIMUM,NA,NA,NA,NA,Y,J.D.'S WRECKER,"3200 CR 195 ANSON, TEXAS  79501",UNDER INFLUENCE - ALCOHOL,NA,NA,NORTH,Y,1,0,0,0,0,1,0
15002773,1,MOTOR VEHICLE,N,N,TX,1HFSC3905XA101761,1999,BLK,HONDA,UNKNOWN,MOTORCYCLE,N,75670,1,PROOF OF LIABILITY INSURANCE,DISTRIBUTED RIGHT SIDE DAMAGE PARALLEL IMPACT,DAMAGED 3,1,NA,NA,NA,N,RELEASED AT SCENE,,OTHER (EXPLAIN IN NARRATIVE),NA,NA,SOUTHWEST,Y,1,0,0,0,0,1,0
15015820,2,MOTOR VEHICLE,N,N,TX,ZD4S6C00894001459,NA,SIL,APRILIA,NA,MOTORCYCLE,N,78664,1,PROOF OF LIABILITY INSURANCE,"MOTORCYCLE, SCOOTER, MOPED, ETC. ONLY",DAMAGED 1 MINIMUM,12,NA,NA,NA,,,,NONE,NA,NA,EAST,Y,0,1,0,0,0,1,0
15008214,1,MOTOR VEHICLE,N,N,TX,5VPGB16D243003822,2004,RED,VICTORY,NA,MOTORCYCLE,N,76179,1,PROOF OF LIABILITY INSURANCE,RIGHT SIDE DAMAGE ANGULAR IMPACT,DAMAGED 4,2,FRONT END (RIGHT)  DAMAGE PARTIAL CONTACT,DAMAGED 4,1,N,HOLT,PSPD,FAILED TO CONTROL SPEED,NA,NA,SOUTH,Y,0,0,1,0,0,1,0
14990274,1,MOTOR VEHICLE,N,N,TX,1HD1CGP174K434783,2004,RED,HARLEY-DAVIDSON,NA,MOTORCYCLE,N,75038,1,PROOF OF LIABILITY INSURANCE,RIGHT FRONT QUARTER DAMAGE ANGULAR IMPACT,DAMAGED 2,3,RIGHT SIDE DAMAGE ANGULAR IMPACT,DAMAGED 2,3,N,,,NONE,NA,NA,NORTH,Y,0,0,1,0,0,1,0
15024640,1,MOTOR VEHICLE,N,N,TX,JKBZGNA129A019346,NA,BLK,KAWASAKI,UNKNOWN,MOTORCYCLE,N,78374,1,PROOF OF LIABILITY INSURANCE,FRONT END DAMAGE DISTRIBUTED IMPACT,DAMAGED 2,12,NA,NA,NA,N,PORTLAND WRECKER,PORTLAND WRECKER SERVICE,FOLLOWED TOO CLOSELY,UNSAFE SPEED,NA,NORTH,Y,0,0,0,1,0,0,0
14988821,1,MOTOR VEHICLE,N,N,TX,1HD1BW512AB039860,NA,BLK,HARLEY-DAVIDSON,NA,MOTORCYCLE,N,77515,1,PROOF OF LIABILITY INSURANCE,LEFT SIDE DAMAGE ANGULAR IMPACT,DAMAGED 2,9,RIGHT SIDE DAMAGE ANGULAR IMPACT,DAMAGED 2,3,N,GARCIAS WRECKER,"1257 CHEVY CHASE ANGLETON, TX 77515",FAILED TO CONTROL SPEED,NA,NA,SOUTH,Y,0,1,0,0,0,1,0
15016955,2,MOTOR VEHICLE,N,N,TX,JH2SC5158CK000075,NA,WHI,HONDA,NA,MOTORCYCLE,Y,77511,1,PROOF OF LIABILITY INSURANCE,"MOTORCYCLE, SCOOTER, MOPED, ETC. ONLY",DAMAGED 1 MINIMUM,12,NA,NA,NA,N,LAWRENCE WRECKER,3540 N GORDON,NONE,NA,NA,EAST,Y,0,1,0,0,0,1,0
14998985,2,MOTOR VEHICLE,N,N,TX,JH2SC45323M301514,2003,RED,HONDA,NA,MOTORCYCLE,N,77373,1,PROOF OF LIABILITY INSURANCE,BACK END DAMAGE CONCENTRATED IMPACT,DAMAGED 1 MINIMUM,6,DISTRIBUTED LEFT SIDE DAMAGE PARALLEL IMPACT,DAMAGED 1 MINIMUM,9,N,OWNER,OWNER RECOVERED OR RELEASE TO OWNER,NONE,NA,NA,WEST,Y,0,0,1,0,0,1,0
14998194,1,MOTOR VEHICLE,N,N,TX,1HD1FHW133Y729177,2003,WHI,HARLEY-DAVIDSON,NA,MOTORCYCLE,N,78101,1,PROOF OF LIABILITY INSURANCE,LEFT BACK QUARTER DAMAGE ANGULAR IMPACT,DAMAGED 2,9,RIGHT BACK QUARTER DAMAGE ANGULAR IMPACT,DAMAGED 2,3,N,PIT STOP TOWING,"RICKS TOWING, POTH TEXAS",DRIVER INATTENTION,FAILED TO CONTROL SPEED,NA,WEST,Y,0,0,1,0,0,1,0
15000451,2,MOTOR VEHICLE,N,N,TX,1HD1CX31X7K429717,2007,BLU,HARLEY-DAVIDSON,UNKNOWN,MOTORCYCLE,N,77514,1,PROOF OF LIABILITY INSURANCE,"MOTORCYCLE, SCOOTER, MOPED, ETC. ONLY",DAMAGED 1 MINIMUM,NA,NA,NA,NA,N,FAMILY,"379 CROSSOVER RD ANAHUAC, TX 77514",NA,NA,FAILED TO SIGNAL OR GAVE WRONG SIGNAL,SOUTH,Y,1,0,0,0,0,1,0
15021507,2,MOTOR VEHICLE,N,N,TX,1HD1KB43X7Y600582,2007,BLU,HARLEY-DAVIDSON,NA,MOTORCYCLE,N,76107,1,PROOF OF LIABILITY INSURANCE,BACK END DAMAGE DISTRIBUTED IMPACT,DAMAGED 1 MINIMUM,6,NA,NA,NA,N,AA WRECKER,5709 B DENTON HIGHWAY,NONE,NA,NA,EAST,Y,0,0,2,0,0,2,0