CRASH_ID,UNIT_NBR,UNIT_DESC_ID,VEH_PARKED_FL,VEH_HNR_FL,VEH_LIC_STATE_ID,VIN,VEH_MOD_YEAR,VEH_COLOR_ID,VEH_MAKE_ID,VEH_MOD_ID,VEH_BODY_STYL_ID,EMER_RESPNDR_FL,OWNR_ZIP,FIN_RESP_PROOF_ID,FIN_RESP_TYPE_ID,VEH_DMAG_AREA_1_ID,VEH_DMAG_SCL_1_ID,FORCE_DIR_1_ID,VEH_DMAG_AREA_2_ID,VEH_DMAG_SCL_2_ID,FORCE_DIR_2_ID,VEH_INVENTORIED_FL,VEH_TRANSP_NAME,VEH_TRANSP_DEST,CONTRIB_FACTR_1_ID,CONTRIB_FACTR_2_ID,CONTRIB_FACTR_P1_ID,VEH_TRVL_DIR_ID,FIRST_HARM_EVT_INV_ID,INCAP_INJRY_CNT,NONINCAP_INJRY_CNT,POSS_INJRY_CNT,NON_INJRY_CNT,UNKN_INJRY_CNT,TOT_INJRY_CNT,DEATH_CNT
15094995,2,MOTOR VEHICLE,N,N,TX,JH2AF5816EK203863,NA,BLK,HONDA,NA,MOTORCYCLE,N,77840,1,PROOF OF LIABILITY INSURANCE,"MOTORCYCLE, SCOOTER, MOPED, ETC. ONLY",DAMAGED 1 MINIMUM,4,NA,NA,NA,N,,,NONE,NA,NA,SOUTHEAST,Y,0,0,0,1,0,0,0
15002393,1,MOTOR VEHICLE,N,N,TX,WB10179089ZW16589,NA,RED,BMW,UNKNOWN,MOTORCYCLE,N,78741,1,PROOF OF LIABILITY INSURANCE,"MOTORCYCLE, SCOOTER, MOPED, ETC. ONLY",DAMAGED 1 MINIMUM,NA,NA,NA,NA,Y,HILL COUNTRY WRECKER 830 693 3226,"1239 HWY 1431, MARBLE FALLS, TX, 78654",UNSAFE SPEED,FLEEING OR EVADING POLICE,NA,SOUTH,Y,1,0,0,0,0,1,0
15008051,2,MOTOR VEHICLE,N,N,TX,1HD1KBM11EB681101,NA,BLK,HARLEY-DAVIDSON,NA,MOTORCYCLE,N,77084,1,PROOF OF LIABILITY INSURANCE,"MOTORCYCLE, SCOOTER, MOPED, ETC. ONLY",DAMAGED 1 MINIMUM,NA,NA,NA,NA,N,,,NONE,NA,NA,NORTH,Y,0,1,0,0,0,1,0
15023070,1,MOTOR VEHICLE,N,N,TX,1HD1JBB161Y066556,2001,BLK,HARLEY-DAVIDSON,UNKNOWN,MOTORCYCLE,N,75755,1,PROOF OF LIABILITY INSURANCE,"MOTORCYCLE, SCOOTER, MOPED, ETC. ONLY",DAMAGED 1 MINIMUM,NA,NA,NA,NA,N,,,UNDER INFLUENCE - ALCOHOL,DISREGARD STOP SIGN OR LIGHT,NA,WEST,Y,1,0,0,0,0,1,0
15087444,2,MOTOR VEHICLE,N,N,TX,JYARJ16E49A016069,NA,ONG,YAMAHA,UNKNOWN,MOTORCYCLE,N,77357,2,NA,"MOTORCYCLE, SCOOTER, MOPED, ETC. ONLY",DAMAGED 1 MINIMUM,12,NA,NA,NA,N,,,NA,NA,SPEEDING - (OVERLIMIT),NORTH,Y,0,1,0,0,0,1,0
15004311,1,MOTOR VEHICLE,N,N,TX,1HD1GP1166K314540,2006,BLK,HARLEY-DAVIDSON,UNKNOWN,MOTORCYCLE,N,77379,1,PROOF OF LIABILITY INSURANCE,"MOTORCYCLE, SCOOTER, MOPED, ETC. ONLY",DAMAGED 1 MINIMUM,6,NA,NA,NA,N,OWNER,OWNERS REQUEST,NONE,NA,NA,EAST,Y,0,1,0,0,0,1,0
15050067,1,MOTOR VEHICLE,N,N,TX,JKAEXMF16RA040450,1994,BLK,KAWASAKI,UNKNOWN,MOTORCYCLE,N,78747,1,LIABILITY INSURANCE POLICY,FRONT END DAMAGE CONCENTRATED IMPACT,DAMAGED 6,12,DISTRIBUTED LEFT SIDE DAMAGE PARALLEL IMPACT,DAMAGED 6,9,N,ROCHAS TOWING SERVICE,ROCHAS TOWING SERVICE,NONE,NA,NA,EAST,Y,0,0,1,0,0,1,0
15042053,2,MOTOR VEHICLE,N,N,TX,1HD1KBM1XGB647127,NA,BLK,HARLEY-DAVIDSON,NA,MOTORCYCLE,N,77375,2,NA,"MOTORCYCLE, SCOOTER, MOPED, ETC. ONLY",DAMAGED 1 MINIMUM,NA,NA,NA,NA,N,FAST TOW,2305 LYONS,NONE,NA,NA,EAST,Y,0,0,1,0,0,1,0
15044779,1,MOTOR VEHICLE,N,N,TX,1HD4CFM10RY221027,1994,BLU,HARLEY-DAVIDSON,UNKNOWN,MOTORCYCLE,N,75929,2,NA,"MOTORCYCLE, SCOOTER, MOPED, ETC. ONLY",DAMAGED 1 MINIMUM,11,NA,NA,NA,N,,,NONE,NA,NA,WEST,Y,0,0,1,0,0,1,0
15033863,1,MOTOR VEHICLE,N,N,TX,JH2RC50438K410393,NA,SIL,HONDA,UNKNOWN,MOTORCYCLE,N,76258,1,PROOF OF LIABILITY INSURANCE,FRONT END DAMAGE DISTRIBUTED IMPACT,NO DAMAGE,12,"MOTORCYCLE, SCOOTER, MOPED, ETC. ONLY",DAMAGED 1 MINIMUM,NA,N,BRAD'S TOWING,"1630 RIVERVIEW DRIVE, LEWISVILLE, TEXAS",FOLLOWED TOO CLOSELY,FAILED TO CONTROL SPEED,NA,NORTHWEST,Y,1,0,0,0,0,1,0
15043102,1,MOTOR VEHICLE,N,N,TX,JYA5AHE0XWA009362,1998,WHI,YAMAHA,NA,MOTORCYCLE,N,76501,2,NA,"MOTORCYCLE, SCOOTER, MOPED, ETC. ONLY",DAMAGED 1 MINIMUM,3,NA,NA,NA,N,,,FAILED TO CONTROL SPEED,FAILED TO DRIVE IN SINGLE LANE,DRIVER INATTENTION,SOUTHWEST,Y,0,1,0,0,0,1,0
15002977,2,MOTOR VEHICLE,N,N,TX,JKAEXEE17DDA11668,NA,WHI,KAWASAKI,UNKNOWN,MOTORCYCLE,N,77584,1,PROOF OF LIABILITY INSURANCE,NA,NA,NA,NA,NA,NA,Y,S & S WRECKER SERVICE,11440 FM 1960 EAST,NONE,NA,NA,WEST,Y,0,0,0,1,0,0,0
15015780,1,MOTOR VEHICLE,N,N,TX,JYARN17E97A004032,2007,WHI,YAMAHA,NA,MOTORCYCLE,N,78748,1,LIABILITY INSURANCE POLICY,RIGHT SIDE DAMAGE ANGULAR IMPACT,DAMAGED 2,3,NA,NA,NA,Y,SPECIAL AUTOMOTIVE SERVICE INC,SPECIAL AUTOMOTIVE SERVICE INC,ANIMAL ON ROAD- DOMESTIC,FAULTY EVASIVE ACTION,NA,WEST,Y,0,0,1,0,0,1,0
15107598,2,MOTOR VEHICLE,N,N,TX,JS1VS52A642100742,2004,BLK,SUZUKI,NA,MOTORCYCLE,N,76513,1,PROOF OF LIABILITY INSURANCE,FRONT END DAMAGE CONCENTRATED IMPACT,DAMAGED 5,12,NA,NA,NA,N,BIG JOHNS,"1502 HOLLAND RD, BELTON, TX 76513",NONE,NA,NA,WEST,Y,0,0,0,0,0,0,1
15111209,3,MOTOR VEHICLE,N,N,TX,JYARM06E4GA006673,NA,BLK,YAMAHA,UNKNOWN,MOTORCYCLE,N,77381,1,PROOF OF LIABILITY INSURANCE,"MOTORCYCLE, SCOOTER, MOPED, ETC. ONLY",DAMAGED 1 MINIMUM,3,NA,NA,NA,N,7 DUECES  281-893-9010,"11815 1/2 MISTY VALLEY, HOUSTON,TX 77066",NONE,NA,NA,SOUTH,Y,0,1,0,0,0,1,0
15055564,2,MOTOR VEHICLE,N,N,TX,1HD1BX5108Y071297,NA,BLK,HARLEY-DAVIDSON,NA,MOTORCYCLE,N,79124,1,LIABILITY INSURANCE POLICY,BACK END DAMAGE CONCENTRATED IMPACT,DAMAGED 3,6,DISTRIBUTED LEFT SIDE DAMAGE PARALLEL IMPACT,DAMAGED 3,9,N,MARTIN RODRIGUEZ,SEMINOLE AUTO SERVICE,NA,NA,FAILED TO SIGNAL OR GAVE WRONG SIGNAL,EAST,Y,0,1,0,0,0,1,0
15134780,2,MOTOR VEHICLE,N,N,TX,1HD1BFV16EB025059,NA,BLK,HARLEY-DAVIDSON,UNKNOWN,MOTORCYCLE,N,34104,1,PROOF OF LIABILITY INSURANCE,"MOTORCYCLE, SCOOTER, MOPED, ETC. ONLY",DAMAGED 1 MINIMUM,6,NA,NA,NA,N,,,NA,NA,PARKED IN TRAFFIC LANE,EAST,Y,0,2,0,0,0,2,0
15083562,2,MOTOR VEHICLE,N,N,TX,JYAVP32E5DA002981,NA,BLU,YAMAHA,NA,MOTORCYCLE,N,75165,1,LIABILITY INSURANCE POLICY,FRONT END (LEFT) DAMAGE PARTIAL CONTACT,DAMAGED 2,9,NA,NA,NA,N,RP WRECKER,"2859A S. HWY 77, WAXAHACHIE, TX 75165",NONE,NA,NA,NORTH,Y,1,0,0,0,0,1,0
15561244,1,MOTOR VEHICLE,N,N,TX,1HD1CZ3178K432930,NA,ONG,HARLEY-DAVIDSON,UNKNOWN,MOTORCYCLE,N,75126,1,PROOF OF LIABILITY INSURANCE,FRONT END DAMAGE CONCENTRATED IMPACT,DAMAGED 5,12,NA,NA,NA,N,EDD'S TOWING,2500 BRENNAN AVE,HAD BEEN DRINKING,FAILED TO CONTROL SPEED,NA,NORTHEAST,Y,0,0,1,0,0,1,0
15129930,2,MOTOR VEHICLE,N,N,TX,1HD1BSY2XYY055504,2000,PLE,HARLEY-DAVIDSON,UNKNOWN,MOTORCYCLE,N,75069,1,PROOF OF LIABILITY INSURANCE,FRONT END DAMAGE DISTRIBUTED IMPACT,DAMAGED 3,9,NA,NA,NA,N,STANDIFIER GREEN,STANDIFIER GREEN,NONE,NA,NA,NORTH,Y,0,1,0,0,0,1,0
15080612,1,MOTOR VEHICLE,N,N,TX,JH2PC2100PM400019,1993,BLK,HONDA,UNKNOWN,MOTORCYCLE,N,78612,1,PROOF OF LIABILITY INSURANCE,FRONT END DAMAGE DISTRIBUTED IMPACT,DAMAGED 6,12,NA,NA,NA,Y,FRIENDLY TOWING,"1122 HWY 304 BASTROP, TX 78602",DISREGARD STOP SIGN OR LIGHT,FAILED TO CONTROL SPEED,NA,SOUTHWEST,Y,1,0,0,0,0,1,0
15090012,1,MOTOR VEHICLE,N,N,TX,JS1GR7HA5Y2103855,2000,BLU,SUZUKI,NA,MOTORCYCLE,N,77840,1,PROOF OF LIABILITY INSURANCE,"MOTORCYCLE, SCOOTER, MOPED, ETC. ONLY",DAMAGED 1 MINIMUM,NA,NA,NA,NA,N,A-1 TOWING,"108 SAN JACINTO, BRYAN TX 77803",FAILED TO CONTROL SPEED,FAULTY EVASIVE ACTION,FOLLOWED TOO CLOSELY,WEST,Y,0,1,0,0,0,1,0
15097633,1,MOTOR VEHICLE,N,N,TX,1HD1GDV18YY326892,2000,BLK,HARLEY-DAVIDSON,UNKNOWN,MOTORCYCLE,N,76936,1,PROOF OF LIABILITY INSURANCE,RIGHT SIDE AND TOP DAMAGE ROLLOVER EFFECTS,DAMAGED 1 MINIMUM,3,NA,NA,NA,N,CARLOS GAMEZ 325-206-2418,"307 SAN JOSE SONORA, TX 76950",FAILED TO DRIVE IN SINGLE LANE,NA,NA,SOUTH,Y,0,1,0,0,0,1,0
15117524,2,MOTOR VEHICLE,N,N,TX,JYARJ04E0YA005758,2000,BLU,YAMAHA,UNKNOWN,MOTORCYCLE,N,79412,1,PROOF OF LIABILITY INSURANCE,"MOTORCYCLE, SCOOTER, MOPED, ETC. ONLY",DAMAGED 1 MINIMUM,NA,"MOTORCYCLE, SCOOTER, MOPED, ETC. ONLY",DAMAGED 1 MINIMUM,NA,N,LUBBOCK WRECKER,LUBBOCK WRECKER  3209 SLATON HWY   806-7,FAILED TO CONTROL SPEED,NA,NA,WEST,Y,0,1,0,0,0,1,0
14504626,2,MOTOR VEHICLE,N,N,TX,JS1GT76A452103913,2005,MUL,SUZUKI,NA,MOTORCYCLE,N,79938,1,PROOF OF LIABILITY INSURANCE,FRONT END DAMAGE DISTRIBUTED IMPACT,DAMAGED 6,12,DISTRIBUTED LEFT SIDE DAMAGE PARALLEL IMPACT,DAMAGED 2,9,N,AD WRECKER,AD WRECKER,NONE,NA,NA,EAST,Y,0,0,1,0,0,1,0
15115258,1,MOTOR VEHICLE,N,N,TX,1HD1GV1166K316549,2006,PLE,HARLEY-DAVIDSON,UNKNOWN,MOTORCYCLE,N,76133,1,PROOF OF LIABILITY INSURANCE,DISTRIBUTED RIGHT SIDE DAMAGE PARALLEL IMPACT,DAMAGED 2,1,NA,NA,NA,N,POLANSKYS WRECKER 800-246-3762,"820 ABBOTT AVE HILLSBORO,TX 76645",UNSAFE SPEED,UNDER INFLUENCE - ALCOHOL,NA,SOUTHEAST,Y,0,0,0,1,0,0,0
15096722,2,MOTOR VEHICLE,N,N,TX,1HD1KBM14EB627291,NA,BLU,HARLEY-DAVIDSON,UNKNOWN,MOTORCYCLE,N,77021,1,LIABILITY INSURANCE POLICY,"MOTORCYCLE, SCOOTER, MOPED, ETC. ONLY",DAMAGED 1 MINIMUM,NA,NA,NA,NA,N,ALLIED COLLISION,9520 S KIRKWOOD,NONE,NA,NA,WEST,Y,1,0,0,0,0,1,0
15067527,1,MOTOR VEHICLE,N,N,TX,JYA5AHE045A044980,2005,BLU,YAMAHA,NA,MOTORCYCLE,N,79936,2,NA,"MOTORCYCLE, SCOOTER, MOPED, ETC. ONLY",DAMAGED 1 MINIMUM,3,"MOTORCYCLE, SCOOTER, MOPED, ETC. ONLY",DAMAGED 1 MINIMUM,9,N,DRIVER,LEFT LEGALLY PARKED,NONE,NA,NA,WEST,Y,0,1,0,0,0,1,0
15112897,2,MOTOR VEHICLE,N,N,TX,1HD1KRM19FB626051,NA,BLK,HARLEY-DAVIDSON,NA,MOTORCYCLE,N,79912,2,NA,FRONT END DAMAGE DISTRIBUTED IMPACT,DAMAGED 6,12,NA,NA,NA,N,QD TOWING,11615 RAILROAD,NONE,NA,NA,SOUTH,Y,0,2,0,0,0,2,0
15079182,1,MOTOR VEHICLE,N,N,TX,JKAVN2C197A005722,2007,BLK,KAWASAKI,UNKNOWN,MOTORCYCLE,N,90024,1,LIABILITY INSURANCE POLICY,DISTRIBUTED RIGHT SIDE DAMAGE PARALLEL IMPACT,DAMAGED 2,6,NA,NA,NA,N,TOWED BY 3RD PARTY,,DRIVER INATTENTION,FAILED TO CONTROL SPEED,NA,NORTHWEST,Y,0,1,0,0,0,1,0
15113624,1,MOTOR VEHICLE,N,N,TX,JKAZXCC1X4A015768,2004,BLK,KAWASAKI,UNKNOWN,MOTORCYCLE,N,78703,1,PROOF OF LIABILITY INSURANCE,"MOTORCYCLE, SCOOTER, MOPED, ETC. ONLY",DAMAGED 1 MINIMUM,NA,NA,NA,NA,Y,,,UNSAFE SPEED,DRIVER INATTENTION,NA,EAST,Y,0,1,0,0,0,1,0
15127240,1,MOTOR VEHICLE,N,N,TX,JYAVP07E71A004962,2001,ONG,YAMAHA,UNKNOWN,MOTORCYCLE,N,75146,2,NA,FRONT END DAMAGE CONCENTRATED IMPACT,DAMAGED 1 MINIMUM,12,NA,NA,NA,Y,J&N WRECKER SERVICE,"1319 BROOKSIDE, GLENN HEIGHTS, TX 75154",DRIVER INATTENTION,FOLLOWED TOO CLOSELY,NA,WEST,Y,0,0,1,0,0,1,0
15069994,2,MOTOR VEHICLE,N,N,TX,1HD1JDV18EB038080,NA,BLK,HARLEY-DAVIDSON,NA,MOTORCYCLE,N,76009,1,LIABILITY INSURANCE POLICY,"MOTORCYCLE, SCOOTER, MOPED, ETC. ONLY",DAMAGED 1 MINIMUM,NA,NA,NA,NA,N,B&W WRECKER,"1960 S BURLESON BLVD, BURLESON, TX",NONE,NA,NA,EAST,Y,1,0,0,0,0,1,0
15091555,2,MOTOR VEHICLE,N,N,TX,MLHPC4414D5002937,NA,RED,HONDA,NA,MOTORCYCLE,N,75460,1,PROOF OF LIABILITY INSURANCE,BACK END DAMAGE DISTRIBUTED IMPACT,DAMAGED 1 MINIMUM,6,NA,NA,NA,N,,,NONE,NA,NA,EAST,Y,0,0,0,1,0,0,0
15077202,1,MOTOR VEHICLE,N,N,TX,JKAZX4P157A023457,2007,RED,KAWASAKI,UNKNOWN,MOTORCYCLE,N,75232,1,LIABILITY INSURANCE POLICY,FRONT END DAMAGE DISTRIBUTED IMPACT,DAMAGED 3,12,NA,NA,NA,N,24 HOUR WRECKER SERVICE,24 HR WRECKER,DRIVER INATTENTION,FOLLOWED TOO CLOSELY,NA,WEST,Y,0,0,0,0,1,0,0
15093500,4,MOTOR VEHICLE,Y,N,TX,JYAVM01Y01A005432,2001,BLK,YAMAHA,NA,MOTORCYCLE,N,79107,2,NA,RIGHT FRONT QUARTER DAMAGE ANGULAR IMPACT,DAMAGED 5,4,DISTRIBUTED LEFT SIDE DAMAGE PARALLEL IMPACT,DAMAGED 5,4,N,,,NONE,NA,NA,EAST,N,0,0,0,0,0,0,0
15180099,2,MOTOR VEHICLE,N,N,TX,SMT920K14ET655387,NA,BLK,HONDA,UNKNOWN,MOTORCYCLE,N,77550,1,LIABILITY INSURANCE POLICY,FRONT END (RIGHT)  DAMAGE PARTIAL CONTACT,DAMAGED 3,1,NA,NA,NA,N,PERMIT #10,520 44TH STREET,NONE,NA,NA,WEST,Y,0,1,0,0,0,1,0
15114044,1,MOTOR VEHICLE,N,N,TX,JH2RC44503M705011,2003,RED,HONDA,UNKNOWN,MOTORCYCLE,N,76904,1,LIABILITY INSURANCE POLICY,FRONT END DAMAGE DISTRIBUTED IMPACT,DAMAGED 2,12,NA,NA,NA,,,,FAILED TO CONTROL SPEED,NA,NA,SOUTH,Y,0,0,0,1,0,0,0
15125163,1,MOTOR VEHICLE,N,N,TX,JKAEXMJ11CDAB0770,NA,RED,KAWASAKI,UNKNOWN,MOTORCYCLE,N,78372,2,NA,FRONT END DAMAGE CONCENTRATED IMPACT,DAMAGED 1 MINIMUM,12,DISTRIBUTED LEFT SIDE DAMAGE PARALLEL IMPACT,DAMAGED 3,9,N,DANNY'S WRECKER,915 CECILIA STREET,FAILED TO YIELD ROW - STOP SIGN,NA,NA,WEST,Y,0,0,0,1,0,0,0
15080682,2,MOTOR VEHICLE,N,N,TX,JYAVM01E24A062404,2004,BLU,YAMAHA,UNKNOWN,MOTORCYCLE,N,75082,1,PROOF OF LIABILITY INSURANCE,"MOTORCYCLE, SCOOTER, MOPED, ETC. ONLY",DAMAGED 1 MINIMUM,1,NA,NA,NA,N,,,NONE,NA,NA,EAST,Y,0,1,0,0,0,1,0
15140900,1,MOTOR VEHICLE,N,N,TX,JKBVNCB12TA037117,1996,RED,KAWASAKI,NA,MOTORCYCLE,N,75146,1,PROOF OF LIABILITY INSURANCE,LEFT SIDE DAMAGE ANGULAR IMPACT,DAMAGED 2,9,NA,NA,NA,N,,,FAILED TO DRIVE IN SINGLE LANE,FAULTY EVASIVE ACTION,NA,SOUTH,Y,1,0,0,0,0,1,0
15098052,2,MOTOR VEHICLE,N,N,TX,1A9HSWHD26N428188,2006,GRN,UNKNOWN,UNKNOWN,MOTORCYCLE,N,78758,2,NA,LEFT FRONT QUARTER DAMAGE ANGULAR IMPACT,DAMAGED 2,9,NA,NA,NA,Y,MERINOS TOWING,MERINOS TOWING,NONE,NA,NA,EAST,Y,0,0,1,0,0,1,0
15109888,2,MOTOR VEHICLE,N,N,TX,JYARN39EXFA000725,NA,MUL,YAMAHA,NA,MOTORCYCLE,N,78229,1,LIABILITY INSURANCE POLICY,FRONT END DAMAGE CONCENTRATED IMPACT,DAMAGED 3,12,NA,NA,NA,N,RICHARDS TOWING,CITY VEHICLE POUND,FOLLOWED TOO CLOSELY,CHANGED LANE WHEN UNSAFE,DRIVER INATTENTION,EAST,Y,0,0,1,0,0,1,0
15091669,2,MOTOR VEHICLE,N,N,TX,JS1GN79A7W2102410,1998,RED,SUZUKI,NA,MOTORCYCLE,N,77040,2,NA,BACK END DAMAGE DISTRIBUTED IMPACT,DAMAGED 1 MINIMUM,6,DISTRIBUTED RIGHT SIDE DAMAGE PARALLEL IMPACT,DAMAGED 2,3,Y,RS TOWING,11360 EASTEX FRWY,NONE,NA,NA,EAST,Y,0,0,0,1,0,0,0
15119484,1,MOTOR VEHICLE,N,N,TX,1HD1KBM13GB612798,NA,BLK,HARLEY-DAVIDSON,UNKNOWN,MOTORCYCLE,N,78570,1,PROOF OF LIABILITY INSURANCE,"MOTORCYCLE, SCOOTER, MOPED, ETC. ONLY",DAMAGED 1 MINIMUM,NA,NA,NA,NA,Y,,,NONE,NA,NA,SOUTH,Y,0,1,0,0,0,1,0
15093082,1,MOTOR VEHICLE,N,N,TX,JYARN20E48A011794,NA,RED,YAMAHA,UNKNOWN,MOTORCYCLE,N,77076,2,NA,"MOTORCYCLE, SCOOTER, MOPED, ETC. ONLY",DAMAGED 1 MINIMUM,NA,NA,NA,NA,Y,RIGHT AWAY TOWING  #765,5675 W. TIDWELL RD.,NONE,NA,NA,SOUTH,Y,1,0,0,0,0,1,0
15072230,2,MOTOR VEHICLE,N,N,TX,JS1GT77A072112576,2007,BLK,SUZUKI,NA,MOTORCYCLE,N,76054,2,NA,"MOTORCYCLE, SCOOTER, MOPED, ETC. ONLY",DAMAGED 1 MINIMUM,1,NA,NA,NA,N,AA WRECKER SERVICE,5709 DENTON HIGHWAY,NA,NA,UNSAFE SPEED,SOUTHWEST,Y,0,1,0,0,0,1,0
15089419,2,MOTOR VEHICLE,N,N,TX,1HFSC181XVA100178,1997,RED,HONDA,NA,MOTORCYCLE,N,75165,2,NA,"MOTORCYCLE, SCOOTER, MOPED, ETC. ONLY",DAMAGED 1 MINIMUM,12,NA,NA,NA,N,,,NONE,NA,NA,SOUTH,Y,1,0,0,0,0,1,0
15056177,1,MOTOR VEHICLE,N,N,TX,JKAVN2C188A017426,NA,RED,KAWASAKI,NA,MOTORCYCLE,N,76063,1,PROOF OF LIABILITY INSURANCE,"MOTORCYCLE, SCOOTER, MOPED, ETC. ONLY",DAMAGED 1 MINIMUM,NA,NA,NA,NA,Y,KELLY MCKNIGHT WRECKER 817-265-1336,"1108  HARRISON AVE, ARLINGTON, TX, 76011",FAILED TO DRIVE IN SINGLE LANE,UNDER INFLUENCE - ALCOHOL,NA,SOUTH,Y,0,1,0,0,0,1,0
15137720,1,MOTOR VEHICLE,N,N,TX,JKAEX8A10EA004648,NA,GRN,KAWASAKI,NA,MOTORCYCLE,N,79701,2,NA,"MOTORCYCLE, SCOOTER, MOPED, ETC. ONLY",DAMAGED 1 MINIMUM,12,NA,NA,NA,N,DRIVEN AWAY,,NONE,NA,NA,EAST,Y,0,0,0,1,0,0,0
15104720,2,MOTOR VEHICLE,Y,N,TX,JYA3HHE02SA079998,1997,BLK,YAMAHA,NA,MOTORCYCLE,N,79415,2,NA,"MOTORCYCLE, SCOOTER, MOPED, ETC. ONLY",DAMAGED 1 MINIMUM,1,NA,NA,NA,N,REMAINED AT SCENE,,NONE,NA,NA,NORTH,Y,0,0,0,0,0,0,0
15120442,1,MOTOR VEHICLE,N,N,TX,RFBB5KBK06B151148,2006,GRY,KYMCO,NA,MOTORCYCLE,N,77008,2,NA,"MOTORCYCLE, SCOOTER, MOPED, ETC. ONLY",DAMAGED 1 MINIMUM,NA,NA,NA,NA,Y,REPO DEPOT,17623 F.M. 529,UNDER INFLUENCE - ALCOHOL,FAILED TO DRIVE IN SINGLE LANE,NA,WEST,Y,0,1,0,0,0,1,0
15099738,2,MOTOR VEHICLE,N,N,TX,JYAVM01E46A097772,2006,GRY,YAMAHA,NA,MOTORCYCLE,N,76021,1,LIABILITY INSURANCE POLICY,"MOTORCYCLE, SCOOTER, MOPED, ETC. ONLY",DAMAGED 1 MINIMUM,9,NA,NA,NA,Y,EULESS B & B WRECKER SERVICE,"1201 W EULESS BLVD., EULESS, TEXAS 76040",NONE,NA,NA,EAST,Y,1,0,0,0,0,1,0
15068241,1,MOTOR VEHICLE,N,N,NM,JYARJ16E49A011843,NA,BLK,YAMAHA,NA,MOTORCYCLE,N,88063,1,LIABILITY INSURANCE POLICY,LEFT SIDE DAMAGE ANGULAR IMPACT,DAMAGED 2,9,RIGHT SIDE DAMAGE ANGULAR IMPACT,DAMAGED 1 MINIMUM,3,N,DRIVER,TRAFFIC,PASSED IN NO PASSING LANE,NA,NA,EAST,Y,0,0,1,0,0,1,0
15078523,2,MOTOR VEHICLE,N,N,TX,JH2PC40418M100703,NA,BLK,HONDA,NA,MOTORCYCLE,N,79925,1,PROOF OF LIABILITY INSURANCE,FRONT END (LEFT) DAMAGE PARTIAL CONTACT,DAMAGED 2,11,LEFT SIDE DAMAGE ANGULAR IMPACT,DAMAGED 1 MINIMUM,9,N,MOTHER,DRIVER REQUEST,NONE,NA,NA,NORTH,Y,0,0,1,0,0,1,0
15128937,2,MOTOR VEHICLE,N,N,TX,1HD1TD912DB962131,NA,BLK,HARLEY-DAVIDSON,NA,MOTORCYCLE,N,77386,1,PROOF OF LIABILITY INSURANCE,BACK END DAMAGE CONCENTRATED IMPACT,DAMAGED 1 MINIMUM,6,NA,NA,NA,N,,,NONE,NA,NA,WEST,Y,0,0,0,1,0,0,0
15139062,2,MOTOR VEHICLE,N,N,TX,1HD1KDM12GB657890,NA,BLU,HARLEY-DAVIDSON,NA,MOTORCYCLE,N,79605,1,PROOF OF LIABILITY INSURANCE,RIGHT SIDE AND TOP DAMAGE ROLLOVER EFFECTS,DAMAGED 2,9,NA,NA,NA,N,OBARS,3210 PLUM,NONE,NA,NA,SOUTHWEST,Y,0,1,0,0,0,1,0
15077518,1,MOTOR VEHICLE,N,N,TX,4B7H84691TS004414,1997,BLU,UNKNOWN,UNKNOWN,MOTORCYCLE,N,76661,2,PROOF OF LIABILITY INSURANCE,"MOTORCYCLE, SCOOTER, MOPED, ETC. ONLY",DAMAGED 1 MINIMUM,12,NA,NA,NA,N,BOB'S TOWING,BOB'S TOWING,DRIVER INATTENTION,FAILED TO CONTROL SPEED,UNSAFE SPEED,WEST,Y,0,1,0,0,0,1,0
15119409,2,MOTOR VEHICLE,N,N,TX,1HD1ESL46XY950678,1999,BLK,HARLEY-DAVIDSON,UNKNOWN,MOTORCYCLE,N,78602,1,PROOF OF LIABILITY INSURANCE,FRONT END DAMAGE DISTRIBUTED IMPACT,DAMAGED 5,12,NA,NA,NA,Y,"JOE VILLAFRANCA, VILLAFRANCAS TOWING","723 HWY 71 W, SMITHVILLE, TEXAS 78957",NONE,NA,NA,EAST,Y,1,0,0,0,0,1,0
15133952,2,MOTOR VEHICLE,N,N,CO,3A58921H9,1979,WHI,HARLEY-DAVIDSON,UNKNOWN,MOTORCYCLE,N,80860,1,PROOF OF LIABILITY INSURANCE,"MOTORCYCLE, SCOOTER, MOPED, ETC. ONLY",DAMAGED 1 MINIMUM,NA,NA,NA,NA,N,,,NONE,NA,NA,NORTHWEST,Y,0,1,0,0,0,1,0
15056034,2,MOTOR VEHICLE,N,N,TX,1HD1FCW184Y629628,2004,WHI,HARLEY-DAVIDSON,NA,MOTORCYCLE,N,77979,1,PROOF OF LIABILITY INSURANCE,"MOTORCYCLE, SCOOTER, MOPED, ETC. ONLY",DAMAGED 1 MINIMUM,NA,NA,NA,NA,N,,,FAILED TO CONTROL SPEED,NA,NA,EAST,Y,0,0,0,1,0,0,0