CRASH_ID,UNIT_NBR,UNIT_DESC_ID,VEH_PARKED_FL,VEH_HNR_FL,VEH_LIC_STATE_ID,VIN,VEH_MOD_YEAR,VEH_COLOR_ID,VEH_MAKE_ID,VEH_MOD_ID,VEH_BODY_STYL_ID,EMER_RESPNDR_FL,OWNR_ZIP,FIN_RESP_PROOF_ID,FIN_RESP_TYPE_ID,VEH_DMAG_AREA_1_ID,VEH_DMAG_SCL_1_ID,FORCE_DIR_1_ID,VEH_DMAG_AREA_2_ID,VEH_DMAG_SCL_2_ID,FORCE_DIR_2_ID,VEH_INVENTORIED_FL,VEH_TRANSP_NAME,VEH_TRANSP_DEST,CONTRIB_FACTR_1_ID,CONTRIB_FACTR_2_ID,CONTRIB_FACTR_P1_ID,VEH_TRVL_DIR_ID,FIRST_HARM_EVT_INV_ID,INCAP_INJRY_CNT,NONINCAP_INJRY_CNT,POSS_INJRY_CNT,NON_INJRY_CNT,UNKN_INJRY_CNT,TOT_INJRY_CNT,DEATH_CNT
15099361,2,MOTOR VEHICLE,N,N,TX,1HD1KRM13EB678922,NA,BLK,HARLEY-DAVIDSON,NA,MOTORCYCLE,N,78586,1,PROOF OF LIABILITY INSURANCE,BACK END DAMAGE CONCENTRATED IMPACT,DAMAGED 1 MINIMUM,6,NA,NA,NA,Y,,,NONE,NA,NA,NORTH,Y,0,1,0,0,0,1,0
15087427,2,MOTOR VEHICLE,N,N,TX,1HD1FR417AB674435,NA,SIL,HARLEY-DAVIDSON,NA,MOTORCYCLE,N,76063,1,PROOF OF LIABILITY INSURANCE,"MOTORCYCLE, SCOOTER, MOPED, ETC. ONLY",DAMAGED 1 MINIMUM,12,NA,NA,NA,N,HILLS WRECKER,"109 CLIFT, WAXAHACHIE, TX 75165",NONE,NA,NA,EAST,Y,0,1,0,0,0,1,0
15101930,2,MOTOR VEHICLE,N,N,TX,1HD1BRY103Y076161,2003,BLK,HARLEY-DAVIDSON,NA,MOTORCYCLE,N,76673,1,PROOF OF LIABILITY INSURANCE,FRONT END (RIGHT)  DAMAGE PARTIAL CONTACT,DAMAGED 2,1,NA,NA,NA,N,ACROSS COUNTRY,424 S 12TH ST,NONE,NA,NA,WEST,Y,0,1,0,0,0,1,0
15110798,1,MOTOR VEHICLE,N,N,TX,1HDA1GHL10WY32255,1998,RED,HARLEY-DAVIDSON,UNKNOWN,MOTORCYCLE,N,75773,1,PROOF OF LIABILITY INSURANCE,"MOTORCYCLE, SCOOTER, MOPED, ETC. ONLY",DAMAGED 1 MINIMUM,NA,NA,NA,NA,,,,UNSAFE SPEED,NA,NA,NORTH,Y,0,0,0,1,0,0,0
15141515,1,MOTOR VEHICLE,N,N,TX,1HFSC0201CA201522,1982,BLK,HONDA,NA,MOTORCYCLE,N,76667,1,PROOF OF LIABILITY INSURANCE,FRONT END DAMAGE CONCENTRATED IMPACT,DAMAGED 4,12,NA,NA,NA,N,LEE'W WRECKER,"520 WEST TYLEY, MEXIA, TX 76667",NONE,NA,NA,NORTH,Y,1,0,0,0,0,1,0
15104288,2,MOTOR VEHICLE,N,N,TX,JYAVM01E67A118154,2007,RED,YAMAHA,UNKNOWN,MOTORCYCLE,N,79424,1,LIABILITY INSURANCE POLICY,"MOTORCYCLE, SCOOTER, MOPED, ETC. ONLY",DAMAGED 1 MINIMUM,NA,NA,NA,NA,N,OWNER,LEFT AT SCENE,NONE,NA,NA,SOUTH,Y,0,1,0,0,0,1,0
15112627,2,MOTOR VEHICLE,N,N,TX,JH2SC57024M001675,2004,BLK,HONDA,NA,MOTORCYCLE,N,79932,2,NA,BACK END DAMAGE DISTRIBUTED IMPACT,DAMAGED 5,6,NA,NA,NA,Y,KAMEL TOWING,11615 RAIL ROAD,NONE,NA,NA,WEST,Y,0,1,0,0,0,1,0
15115881,5,MOTOR VEHICLE,N,N,AR,1HD1KB417AB656343,NA,SIL,HARLEY-DAVIDSON,NA,MOTORCYCLE,N,71854,1,LIABILITY INSURANCE POLICY,BACK END DAMAGE DISTRIBUTED IMPACT,DAMAGED 3,NA,NA,NA,NA,N,LEFT LEGALLY PARKED,,NONE,NA,NA,SOUTHWEST,N,0,0,0,0,0,0,0
15052552,1,MOTOR VEHICLE,N,N,TX,JH2PC37056M303507,2006,BLK,HONDA,NA,MOTORCYCLE,N,75965,1,PROOF OF LIABILITY INSURANCE,LEFT FRONT QUARTER DAMAGE ANGULAR IMPACT,DAMAGED 1 MINIMUM,10,RIGHT SIDE DAMAGE ANGULAR IMPACT,DAMAGED 1 MINIMUM,3,N,,,FAILED TO DRIVE IN SINGLE LANE,NA,NA,WEST,Y,0,0,1,0,0,1,0
15111691,2,MOTOR VEHICLE,N,N,TX,1HD1BMY19YY061555,2000,WHI,HARLEY-DAVIDSON,UNKNOWN,MOTORCYCLE,N,77327,1,PROOF OF LIABILITY INSURANCE,"MOTORCYCLE, SCOOTER, MOPED, ETC. ONLY",DAMAGED 1 MINIMUM,1,NA,NA,NA,Y,K&K,"1275 W CARDINAL DR, BEAUMONT TX 77705",NONE,NA,NA,EAST,Y,1,0,0,0,0,1,0
15116468,2,MOTOR VEHICLE,N,N,TX,SN48272,1975,BLK,HARLEY-DAVIDSON,NA,MOTORCYCLE,N,75801,1,PROOF OF LIABILITY INSURANCE,BACK END DAMAGE CONCENTRATED IMPACT,DAMAGED 3,6,NA,NA,NA,N,TUCKER FARRIS WRECKER,"306 N. PERRY, PALESTINE, TX",NONE,NA,NA,NORTH,Y,0,0,0,1,0,0,0
15088645,3,MOTOR VEHICLE,N,N,TX,WB10496A54ZJ32078,2004,BGE,BMW,UNKNOWN,MOTORCYCLE,N,75455,1,PROOF OF LIABILITY INSURANCE,"MOTORCYCLE, SCOOTER, MOPED, ETC. ONLY",DAMAGED 1 MINIMUM,12,NA,NA,NA,N,BILLY CRAIG WRECKER SVC (9800) 750-7859,"214 W 1ST ST, MT PLEASANT, TX",NONE,NA,NA,EAST,N,0,0,0,1,0,0,0
15117524,3,MOTOR VEHICLE,N,N,TX,JS1GT74A022102692,2002,RED,SUZUKI,NA,MOTORCYCLE,N,79401,1,PROOF OF LIABILITY INSURANCE,DISTRIBUTED RIGHT SIDE DAMAGE PARALLEL IMPACT,DAMAGED 4,3,NA,NA,NA,N,LUBBOCK WRECKER,LUBBOCK WRECKER  3209 SLATON HWY   806-7,NONE,NA,NA,WEST,N,0,2,0,0,0,2,0
15088442,1,MOTOR VEHICLE,N,N,TX,LFGTCKPMXB1000660,NA,RED,ALL OTHER MAKES,UNKNOWN,MOTORCYCLE,N,77301,1,PROOF OF LIABILITY INSURANCE,"MOTORCYCLE, SCOOTER, MOPED, ETC. ONLY",DAMAGED 1 MINIMUM,NA,NA,NA,NA,Y,SPEEDY'S  (936) 756-4874,"305 AUSTIN RD, CONROE, TX 77301",FAILED TO DRIVE IN SINGLE LANE,UNDER INFLUENCE - ALCOHOL,NA,SOUTH,Y,0,1,0,0,0,1,0
15091392,1,MOTOR VEHICLE,N,N,TX,1HD1FCW135Y604931,2005,RED,HARLEY-DAVIDSON,NA,MOTORCYCLE,N,79423,1,PROOF OF LIABILITY INSURANCE,FRONT END DAMAGE CONCENTRATED IMPACT,DAMAGED 1 MINIMUM,11,DISTRIBUTED LEFT SIDE DAMAGE PARALLEL IMPACT,DAMAGED 2,9,N,LUBBOCK WRECKER,LUBBOCK WRECKER  3209 SLATON HWY   806-7,CHANGED LANE WHEN UNSAFE,NA,NA,EAST,Y,0,1,0,0,0,1,0
15131346,1,MOTOR VEHICLE,N,N,TX,JH2RC50739K000737,NA,BLK,HONDA,UNKNOWN,MOTORCYCLE,N,,1,LIABILITY INSURANCE POLICY,LEFT SIDE DAMAGE ANGULAR IMPACT,DAMAGED 3,9,RIGHT SIDE DAMAGE ANGULAR IMPACT,DAMAGED 1 MINIMUM,3,N,OWNER,LEFT LEGALLY PARKED,PASSED ON RIGHT SHOULDER,NA,NA,NORTH,Y,0,0,1,0,0,1,0
15102819,1,MOTOR VEHICLE,N,N,TX,RFBD2K2179B190610,NA,RED,KYMCO,NA,MOTORCYCLE,N,78759,2,NA,LEFT FRONT QUARTER DAMAGE ANGULAR IMPACT,DAMAGED 1 MINIMUM,11,RIGHT FRONT QUARTER DAMAGE ANGULAR IMPACT,DAMAGED 1 MINIMUM,1,N,LAKESIDE TOWING,LAKESIDE TOWING,OTHER (EXPLAIN IN NARRATIVE),NA,NA,UNKNOWN,Y,0,1,0,0,0,1,0
15173752,1,MOTOR VEHICLE,N,N,TX,WB10509079ZV93656,NA,BLK,BMW,NA,MOTORCYCLE,N,76039,1,PROOF OF LIABILITY INSURANCE,"MOTORCYCLE, SCOOTER, MOPED, ETC. ONLY",DAMAGED 1 MINIMUM,NA,NA,NA,NA,N,PRO TOW,"1006 E MAIN ST, LEWISVILLE, TX 75057",UNDER INFLUENCE - ALCOHOL,UNSAFE SPEED,NA,NORTHEAST,Y,0,1,0,0,0,1,0
15068750,1,MOTOR VEHICLE,N,N,TX,JS1GN79A6W2100485,1998,BLU,SUZUKI,NA,MOTORCYCLE,N,77340,1,PROOF OF LIABILITY INSURANCE,FRONT END DAMAGE DISTRIBUTED IMPACT,DAMAGED 2,NA,DISTRIBUTED RIGHT SIDE DAMAGE PARALLEL IMPACT,DAMAGED 1 MINIMUM,NA,N,HUNTSVILLE DISCOUNT TIRE,309 SH 75N,FAULTY EVASIVE ACTION,NA,NA,EAST,Y,0,0,0,1,0,0,0
15085115,2,MOTOR VEHICLE,N,N,TX,RFBRAKCG87B121322,2007,GRY,KYMCO,NA,MOTORCYCLE,N,78633,1,PROOF OF LIABILITY INSURANCE,"MOTORCYCLE, SCOOTER, MOPED, ETC. ONLY",DAMAGED 1 MINIMUM,6,NA,NA,NA,Y,CENTEX,GPD  IMPOUND,NONE,NA,NA,NORTHEAST,Y,0,0,0,0,0,0,1
15190908,1,MOTOR VEHICLE,N,N,TX,JS1GW71A262101142,2006,GRY,SUZUKI,NA,MOTORCYCLE,N,79763,1,PROOF OF LIABILITY INSURANCE,"MOTORCYCLE, SCOOTER, MOPED, ETC. ONLY",DAMAGED 1 MINIMUM,1,NA,NA,NA,N,NEAL POOL RECKERS,"1117 S. GRANT AVE ODESSA, TX 79761",FAILED TO DRIVE IN SINGLE LANE,NA,DRIVER INATTENTION,WEST,Y,0,1,0,0,0,1,0
15083076,2,MOTOR VEHICLE,N,N,TX,1HD1PY914BB959630,NA,BRZ,HARLEY-DAVIDSON,NA,MOTORCYCLE,N,79936,1,PROOF OF LIABILITY INSURANCE,LEFT SIDE DAMAGE ANGULAR IMPACT,DAMAGED 1 MINIMUM,9,NA,NA,NA,N,BEST WRECKER,OWNER'S REQEST,NONE,NA,NA,EAST,Y,0,0,0,1,0,0,0
15112138,2,MOTOR VEHICLE,N,N,TX,1HD1PG810EB959124,NA,ONG,HARLEY-DAVIDSON,NA,MOTORCYCLE,N,75075,1,PROOF OF LIABILITY INSURANCE,BACK END DAMAGE DISTRIBUTED IMPACT,DAMAGED 1 MINIMUM,6,NA,NA,NA,N,,,NONE,NA,NA,EAST,Y,0,0,0,1,0,0,0
15133006,2,MOTOR VEHICLE,N,N,TX,1HD1FMM10DB619722,NA,BLK,HARLEY-DAVIDSON,NA,POLICE MOTORCYCLE,N,77059,1,LIABILITY INSURANCE POLICY,BACK END DAMAGE DISTRIBUTED IMPACT,DAMAGED 2,6,NA,NA,NA,N,,,NONE,NA,NA,SOUTH,Y,0,0,1,0,0,1,0
15139141,2,MOTOR VEHICLE,N,N,TX,JKAEXCE139DA31250,NA,BLK,KAWASAKI,NA,MOTORCYCLE,N,79934,1,LIABILITY INSURANCE POLICY,RIGHT SIDE DAMAGE ANGULAR IMPACT,DAMAGED 2,3,NA,NA,NA,,DRIVER,LEFT LEGALLY PARKED,NONE,NA,NA,NORTH,Y,0,0,1,0,0,1,0
15087550,2,MOTOR VEHICLE,N,N,TX,JKAZRCB1X7A007136,2007,BLK,KAWASAKI,NA,MOTORCYCLE,N,77070,1,PROOF OF LIABILITY INSURANCE,LEFT FRONT QUARTER DAMAGE ANGULAR IMPACT,DAMAGED 2,10,NA,NA,NA,N,ROCKWELL TOWING #239,OWNER'S LOCATION,NONE,NA,NA,NORTH,Y,0,0,0,1,0,0,0
15522975,2,MOTOR VEHICLE,N,N,TX,JS1VP53A962105856,2006,RED,SUZUKI,NA,MOTORCYCLE,N,78756,1,LIABILITY INSURANCE POLICY,FRONT END DAMAGE CONCENTRATED IMPACT,DAMAGED 4,12,DISTRIBUTED RIGHT SIDE DAMAGE PARALLEL IMPACT,DAMAGED 4,3,Y,AVILES & GABES WRECKER SERVICE INC.,AVILES & GABES WRECKER SERVICE INC.,NONE,NA,NA,EAST,Y,0,0,1,0,0,1,0
15107465,1,MOTOR VEHICLE,N,N,TX,1HFSC1808YA400412,2000,MUL,HONDA,UNKNOWN,MOTORCYCLE,N,77515,1,PROOF OF LIABILITY INSURANCE,"MOTORCYCLE, SCOOTER, MOPED, ETC. ONLY",DAMAGED 1 MINIMUM,NA,NA,NA,NA,Y,MEYER TOWING,"1026 S VELASCO, ANGLETON, TX 77515",FLEEING OR EVADING POLICE,FAILED TO CONTROL SPEED,NA,EAST,Y,1,0,0,0,0,1,0
15071401,2,MOTOR VEHICLE,N,N,LA,1HFSC55055A107977,2005,BLU,HONDA,NA,MOTORCYCLE,N,70601,1,PROOF OF LIABILITY INSURANCE,LEFT SIDE DAMAGE ANGULAR IMPACT,DAMAGED 1 MINIMUM,9,NA,NA,NA,N,DOUG,WRECKER LOT,NONE,NA,NA,NORTH,Y,0,1,0,0,0,1,0
15088129,1,MOTOR VEHICLE,N,N,TX,1HD1FMW195Y609685,2005,BLK,HARLEY-DAVIDSON,UNKNOWN,MOTORCYCLE,N,78469,1,PROOF OF LIABILITY INSURANCE,DISTRIBUTED LEFT SIDE DAMAGE PARALLEL IMPACT,DAMAGED 1 MINIMUM,9,FRONT END DAMAGE CONCENTRATED IMPACT,DAMAGED 1 MINIMUM,NA,N,MIGHTY JOES,,NONE,NA,NA,NORTH,Y,0,2,0,0,0,2,0
15088389,2,MOTOR VEHICLE,N,N,TX,SMT500FS83J180987,2003,BLK,NA,NA,MOTORCYCLE,N,77901,1,PROOF OF LIABILITY INSURANCE,FRONT END DAMAGE DISTRIBUTED IMPACT,DAMAGED 3,12,NA,NA,NA,Y,HIGHWAY GARAGE 361-645-3618,"425 W PEARL ST GOLIAD, TX 77963",NONE,NA,NA,WEST,Y,1,0,0,0,0,1,0
15068525,1,MOTOR VEHICLE,N,N,TX,JS1GR7HAX22106063,2002,BLU,SUZUKI,UNKNOWN,MOTORCYCLE,N,78223,1,PROOF OF LIABILITY INSURANCE,"MOTORCYCLE, SCOOTER, MOPED, ETC. ONLY",DAMAGED 1 MINIMUM,NA,NA,NA,NA,Y,S&N TOWING (830)889-1052,"51 ROYAL OAKS LP., FREDERICKSBURG, TX.",UNSAFE SPEED,NA,NA,NORTHWEST,Y,1,0,0,0,0,1,0
15142067,1,MOTOR VEHICLE,N,N,TX,JKBZXJB114A030029,2004,ONG,KAWASAKI,UNKNOWN,MOTORCYCLE,N,78045,1,LIABILITY INSURANCE POLICY,FRONT END DAMAGE CONCENTRATED IMPACT,DAMAGED 2,12,NA,NA,NA,N,STAYED AT SCENE,SPOUSE PICKING UP MC TO TAKE TO 745 SNAK,FAILED TO CONTROL SPEED,NA,NA,NORTH,Y,0,0,1,0,0,1,0
15124408,1,MOTOR VEHICLE,N,N,TX,1HD1GP1106K320611,2006,YEL,HARLEY-DAVIDSON,NA,MOTORCYCLE,N,75169,1,PROOF OF LIABILITY INSURANCE,"MOTORCYCLE, SCOOTER, MOPED, ETC. ONLY",DAMAGED 1 MINIMUM,5,"MOTORCYCLE, SCOOTER, MOPED, ETC. ONLY",DAMAGED 1 MINIMUM,9,N,DRIVEN AWAY,DRIVEN AWAY,FAILED TO CONTROL SPEED,FAILED TO PASS TO LEFT SAFELY,NA,SOUTHEAST,Y,0,0,0,1,0,0,0
15092280,3,MOTOR VEHICLE,N,N,TX,JYARN23E6DA014816,NA,BLK,YAMAHA,NA,MOTORCYCLE,N,75089,1,PROOF OF LIABILITY INSURANCE,"MOTORCYCLE, SCOOTER, MOPED, ETC. ONLY",DAMAGED 1 MINIMUM,NA,NA,NA,NA,N,NOT TOWED-LEFT AT SCENE,,NONE,NA,NA,SOUTH,N,0,1,0,0,0,1,0
15109435,1,MOTOR VEHICLE,N,N,TX,JS1VY53A772107152,2007,BLU,SUZUKI,NA,MOTORCYCLE,N,,3,LIABILITY INSURANCE POLICY,"MOTORCYCLE, SCOOTER, MOPED, ETC. ONLY",DAMAGED 1 MINIMUM,NA,NA,NA,NA,Y,RICK'S TOWING,"120 LONE OAK DR, FLORESVILLE, TX 78114",HAD BEEN DRINKING,NA,NA,SOUTHWEST,Y,1,0,0,0,0,1,0
15112589,1,MOTOR VEHICLE,N,N,TX,KM4MJ5379C1700665,NA,RED,HYOSUNG,NA,MOTORCYCLE,N,79928,2,NA,FRONT END (LEFT) DAMAGE PARTIAL CONTACT,DAMAGED 2,11,LEFT FRONT QUARTER DAMAGE ANGULAR IMPACT,DAMAGED 1 MINIMUM,9,Y,KAMEL TOWING,11615  RAILROAD,NA,NA,FAILED TO PASS TO RIGHT SAFELY,SOUTH,Y,0,1,0,0,0,1,0
15139972,2,MOTOR VEHICLE,N,N,OK,1HFSC321XTA100439,1996,ONG,HONDA,NA,MOTORCYCLE,N,73075,1,PROOF OF LIABILITY INSURANCE,"MOTORCYCLE, SCOOTER, MOPED, ETC. ONLY",DAMAGED 1 MINIMUM,6,NA,NA,NA,N,PRO-TOW,"1006 E MAIN ST  LEWISVILLE, TX",NONE,NA,NA,NORTH,Y,0,0,0,0,0,0,0
15140546,2,MOTOR VEHICLE,N,N,TX,JKBZXJF10DA000658,NA,WHI,KAWASAKI,NA,MOTORCYCLE,N,78249,2,NA,FRONT END DAMAGE DISTRIBUTED IMPACT,DAMAGED 1 MINIMUM,12,DISTRIBUTED RIGHT SIDE DAMAGE PARALLEL IMPACT,DAMAGED 2,3,N,TEXAS ROADSIDE SERVICE,GROWDON,FAULTY EVASIVE ACTION,FOLLOWED TOO CLOSELY,NA,NORTHWEST,Y,0,1,0,0,0,1,0
15105604,2,MOTOR VEHICLE,N,N,TX,1HD1KBM14DB665196,NA,BLK,HARLEY-DAVIDSON,NA,MOTORCYCLE,N,78596,1,PROOF OF LIABILITY INSURANCE,BACK END DAMAGE CONCENTRATED IMPACT,DAMAGED 1 MINIMUM,6,FRONT END DAMAGE DISTRIBUTED IMPACT,DAMAGED 1 MINIMUM,12,N,HARLEY DAVIDSON DEALER,"3515 W EXPRESSWAY 83, SAN BENITO, TX",NONE,NA,NA,EAST,Y,1,0,0,0,0,1,0
15177832,1,MOTOR VEHICLE,N,N,TX,1HFSC3901YA201082,2000,BLK,HONDA,UNKNOWN,MOTORCYCLE,N,78753,2,NA,"MOTORCYCLE, SCOOTER, MOPED, ETC. ONLY",DAMAGED 1 MINIMUM,NA,NA,NA,NA,N,BLUEBONNET WRECKER,"1095 IH 35 BUS NEW BRAUNFELS,TX 78130",UNDER INFLUENCE - ALCOHOL,NA,NA,NORTH,Y,0,0,1,0,0,1,0
15089542,2,MOTOR VEHICLE,N,N,TX,ZAPM459L295008373,NA,RED,VESPA,UNKNOWN,MOTORCYCLE,N,77004,1,PROOF OF LIABILITY INSURANCE,"MOTORCYCLE, SCOOTER, MOPED, ETC. ONLY",DAMAGED 1 MINIMUM,NA,NA,NA,NA,N,ELITE COLLISION,1733 ENNIS,NONE,NA,NA,SOUTH,Y,0,0,1,0,0,1,0
15101416,2,MOTOR VEHICLE,N,N,TX,56KMSA006G3110569,NA,RED,INDIAN,NA,MOTORCYCLE,N,79371,1,PROOF OF LIABILITY INSURANCE,FRONT END DAMAGE CONCENTRATED IMPACT,DAMAGED 3,12,NA,NA,NA,N,ALLWAYS TOWING,805 E. HWY 84,NONE,NA,NA,EAST,Y,0,1,0,0,0,1,0
15125676,1,MOTOR VEHICLE,N,N,TX,1HD1FRW302Y652368,2002,BLK,HARLEY-DAVIDSON,NA,MOTORCYCLE,N,79072,1,LIABILITY INSURANCE POLICY,DISTRIBUTED RIGHT SIDE DAMAGE PARALLEL IMPACT,DAMAGED 1 MINIMUM,1,NA,NA,NA,N,RELEASED,RELEASED,FAILED TO YIELD ROW - STOP SIGN,DRIVER INATTENTION,NA,SOUTH,Y,0,0,0,1,0,0,0
15126540,1,MOTOR VEHICLE,N,N,TX,1HD1FB41XAB628928,NA,MUL,HARLEY-DAVIDSON,UNKNOWN,MOTORCYCLE,N,76655,1,PROOF OF LIABILITY INSURANCE,"MOTORCYCLE, SCOOTER, MOPED, ETC. ONLY",DAMAGED 1 MINIMUM,NA,NA,NA,NA,Y,BIG BOY'S WRECKER 254-662-3031,"415 S. ROBINSON DR., WACO, TX 76706",UNDER INFLUENCE - ALCOHOL,NA,NA,SOUTH,Y,1,0,0,0,0,1,0
15126692,2,MOTOR VEHICLE,N,N,TX,JYARM06EXGA006239,NA,SIL,YAMAHA,NA,MOTORCYCLE,N,78382,1,PROOF OF LIABILITY INSURANCE,FRONT END DAMAGE CONCENTRATED IMPACT,DAMAGED 3,12,NA,NA,NA,N,,,NONE,NA,NA,NORTH,Y,1,0,0,0,0,1,0
15201427,1,MOTOR VEHICLE,N,N,TX,JKBVNAP152A000820,2002,BLK,KAWASAKI,UNKNOWN,MOTORCYCLE,N,76522,1,PROOF OF LIABILITY INSURANCE,"MOTORCYCLE, SCOOTER, MOPED, ETC. ONLY",DAMAGED 1 MINIMUM,NA,NA,NA,NA,N,PHIL'S TOWING,"1803 W. HWY 190 COPPERAS COVE, TX 76522",NONE,NA,NA,EAST,Y,0,1,0,0,0,1,0
15203914,2,MOTOR VEHICLE,N,N,TX,SMT500PK86J253200,2006,BLK,NA,NA,MOTORCYCLE,N,77571,1,PROOF OF LIABILITY INSURANCE,FRONT END DAMAGE CONCENTRATED IMPACT,DAMAGED 2,12,NA,NA,NA,,ACTION TOWING,"827 W LEAGUE CITY PKWY, LEAGUE CITY",NONE,NA,NA,WEST,Y,0,1,0,0,0,1,0
15172543,2,MOTOR VEHICLE,N,N,TX,JS1GX72A892102277,NA,BLK,SUZUKI,UNKNOWN,MOTORCYCLE,N,77414,1,PROOF OF LIABILITY INSURANCE,BACK END (RIGHT) DAMAGE PARTIAL CONTACT,DAMAGED 2,5,NA,NA,NA,N,,,NONE,NA,NA,WEST,Y,0,0,1,0,0,1,0
15175697,1,MOTOR VEHICLE,N,N,TX,,NA,BLK,HONDA,NA,MOTORCYCLE,N,77082,2,NA,"MOTORCYCLE, SCOOTER, MOPED, ETC. ONLY",DAMAGED 1 MINIMUM,NA,NA,NA,NA,Y,,,NONE,NA,NA,WEST,Y,1,0,0,0,0,1,0
15192643,1,MOTOR VEHICLE,N,N,TX,JH2505946BK300255,NA,RED,HONDA,NA,MOTORCYCLE,N,77080,1,PROOF OF LIABILITY INSURANCE,"MOTORCYCLE, SCOOTER, MOPED, ETC. ONLY",DAMAGED 1 MINIMUM,NA,NA,NA,NA,N,ALLIED COLLISION CENTER,9520 S. KIRKWOOD RD,NA,NA,DISREGARD STOP AND GO SIGNAL,SOUTH,Y,0,0,2,0,0,2,0
15164226,1,MOTOR VEHICLE,N,N,TX,SMT600FS83J176992,2003,SIL,NA,NA,MOTORCYCLE,N,75067,1,PROOF OF LIABILITY INSURANCE,FRONT END DAMAGE DISTRIBUTED IMPACT,DAMAGED 3,12,NA,NA,NA,N,PRO-TOW,1006 E MAIN ST LEWISVILLE TX,FAILED TO STOP FOR TRAIN,SPEEDING - (OVERLIMIT),NA,NORTH,Y,1,0,0,0,0,1,0
15157596,1,MOTOR VEHICLE,N,N,TX,WB10D2108GZ353538,NA,BLK,BMW,NA,MOTORCYCLE,N,77016,1,PROOF OF LIABILITY INSURANCE,"MOTORCYCLE, SCOOTER, MOPED, ETC. ONLY",DAMAGED 1 MINIMUM,1,"MOTORCYCLE, SCOOTER, MOPED, ETC. ONLY",DAMAGED 1 MINIMUM,3,N,CHALLENGER TOWING,8000 OLD GALVESTON RD,UNSAFE SPEED,NA,FAILED TO CONTROL SPEED,SOUTH,Y,0,1,0,0,0,1,0
15164206,1,MOTOR VEHICLE,N,Y,TX,JH2PC370X6M302269,2006,BLK,HONDA,NA,MOTORCYCLE,Y,77077,2,NA,LEFT SIDE DAMAGE ANGULAR IMPACT,DAMAGED 4,9,RIGHT SIDE DAMAGE ANGULAR IMPACT,DAMAGED 4,3,N,EXPRO COLLISION,1700 BRITTMORE,CHANGED LANE WHEN UNSAFE,FAILED TO CONTROL SPEED,NA,WEST,Y,0,1,0,0,0,1,0
15195384,1,MOTOR VEHICLE,N,N,TX,JYAVP14E02A004362,2002,PLE,YAMAHA,NA,MOTORCYCLE,N,78577,1,LIABILITY INSURANCE POLICY,RIGHT FRONT QUARTER DAMAGE ANGULAR IMPACT,DAMAGED 2,2,RIGHT BACK QUARTER DAMAGE ANGULAR IMPACT,DAMAGED 2,5,N,DRIVERS RELATIVE,604 W. ALBATROSS PHARR TX 78577,FAULTY EVASIVE ACTION,NA,ANIMAL ON ROAD- DOMESTIC,EAST,Y,1,0,0,0,0,1,0
15174773,1,MOTOR VEHICLE,N,N,TX,1HD1GHV193K300613,2003,BLK,HARLEY-DAVIDSON,UNKNOWN,MOTORCYCLE,N,78654,1,PROOF OF LIABILITY INSURANCE,"MOTORCYCLE, SCOOTER, MOPED, ETC. ONLY",DAMAGED 1 MINIMUM,NA,NA,NA,NA,N,H&H WRECKER SERVICE,"604 AVE P MARBLE FALLS, TEXAS 78654",FAILED TO GIVE HALF OF ROADWAY,NA,IMPAIRED VISIBILITY (EXPLAIN IN NARRATIVE),NORTHWEST,Y,1,0,0,0,0,1,0
15152122,2,MOTOR VEHICLE,Y,N,TX,1HD1JRV19GB022907,NA,GRN,HARLEY-DAVIDSON,NA,MOTORCYCLE,N,78626,1,PROOF OF LIABILITY INSURANCE,FRONT END DAMAGE DISTRIBUTED IMPACT,DAMAGED 4,12,RIGHT SIDE DAMAGE ANGULAR IMPACT,DAMAGED 3,3,,,,OTHER (EXPLAIN IN NARRATIVE),NA,NA,WEST,Y,0,0,0,0,0,0,0
15158328,2,MOTOR VEHICLE,Y,N,TX,JKBZXJC125A010016,2005,BLU,KAWASAKI,NA,MOTORCYCLE,N,77503,1,LIABILITY INSURANCE POLICY,RIGHT FRONT QUARTER DAMAGE ANGULAR IMPACT,DAMAGED 1 MINIMUM,2,NA,NA,NA,N,RELEASED TO DRIVER,AT SCENE,NONE,NA,NA,SOUTH,Y,0,0,0,1,0,0,0
15186393,1,MOTOR VEHICLE,N,N,TX,1HD1FDV191Y618947,2001,BLK,HARLEY-DAVIDSON,UNKNOWN,MOTORCYCLE,N,79007,3,PROOF OF LIABILITY INSURANCE,"MOTORCYCLE, SCOOTER, MOPED, ETC. ONLY",DAMAGED 1 MINIMUM,NA,NA,NA,NA,N,WINKLER COUNTY TOWING,"WINKLER COUNTY TOWING, S. HWY 18 KERMIT,",FAILED TO CONTROL SPEED,DRIVER INATTENTION,NA,WEST,Y,0,0,0,1,0,0,0