CRASH_ID,UNIT_NBR,UNIT_DESC_ID,VEH_PARKED_FL,VEH_HNR_FL,VEH_LIC_STATE_ID,VIN,VEH_MOD_YEAR,VEH_COLOR_ID,VEH_MAKE_ID,VEH_MOD_ID,VEH_BODY_STYL_ID,EMER_RESPNDR_FL,OWNR_ZIP,FIN_RESP_PROOF_ID,FIN_RESP_TYPE_ID,VEH_DMAG_AREA_1_ID,VEH_DMAG_SCL_1_ID,FORCE_DIR_1_ID,VEH_DMAG_AREA_2_ID,VEH_DMAG_SCL_2_ID,FORCE_DIR_2_ID,VEH_INVENTORIED_FL,VEH_TRANSP_NAME,VEH_TRANSP_DEST,CONTRIB_FACTR_1_ID,CONTRIB_FACTR_2_ID,CONTRIB_FACTR_P1_ID,VEH_TRVL_DIR_ID,FIRST_HARM_EVT_INV_ID,INCAP_INJRY_CNT,NONINCAP_INJRY_CNT,POSS_INJRY_CNT,NON_INJRY_CNT,UNKN_INJRY_CNT,TOT_INJRY_CNT,DEATH_CNT
15174857,2,MOTOR VEHICLE,N,N,TX,1NXBR32E27Z900115,2007,BLK,HARLEY-DAVIDSON,UNKNOWN,MOTORCYCLE,N,77511,2,NA,"MOTORCYCLE, SCOOTER, MOPED, ETC. ONLY",DAMAGED 1 MINIMUM,NA,NA,NA,NA,N,"EASTSIDE, 281-431-0427","21105 MORRIS AVENUE, MANVEL, TX 77578",NONE,NA,NA,SOUTH,Y,1,0,0,0,0,1,0
15149433,2,MOTOR VEHICLE,N,N,TX,JKBVNAD17TA048292,1996,BLK,KAWASAKI,UNKNOWN,MOTORCYCLE,N,76901,1,PROOF OF LIABILITY INSURANCE,"MOTORCYCLE, SCOOTER, MOPED, ETC. ONLY",DAMAGED 1 MINIMUM,NA,NA,NA,NA,N,DRIVER,DRIVEN AWAY,NONE,NA,NA,EAST,Y,0,0,1,0,0,1,0
15181802,1,MOTOR VEHICLE,N,N,TX,1U9S949503M085072,2003,RED,ULTRA LITE MFG,UNKNOWN,MOTORCYCLE,N,75088,1,PROOF OF LIABILITY INSURANCE,"MOTORCYCLE, SCOOTER, MOPED, ETC. ONLY",DAMAGED 1 MINIMUM,NA,NA,NA,NA,N,BUSTERS WRECKER SERVICE,303 W BROAD ST FORNEY TX 75126,UNSAFE SPEED,NA,NA,NORTHEAST,Y,1,0,0,0,0,1,0
15181210,2,MOTOR VEHICLE,N,N,TX,JKAVN2C188A017135,NA,RED,KAWASAKI,NA,MOTORCYCLE,N,75470,1,PROOF OF LIABILITY INSURANCE,BACK END DAMAGE CONCENTRATED IMPACT,DAMAGED 1 MINIMUM,6,NA,NA,NA,N,,,NONE,NA,NA,SOUTH,Y,0,0,0,1,0,0,0
15208517,2,MOTOR VEHICLE,N,N,TX,JH2SC6114AK000560,NA,BLU,HONDA,NA,MOTORCYCLE,N,76657,1,LIABILITY INSURANCE POLICY,RIGHT BACK QUARTER DAMAGE ANGULAR IMPACT,DAMAGED 1 MINIMUM,4,LEFT SIDE DAMAGE ANGULAR IMPACT,DAMAGED 1 MINIMUM,NA,N,TOW KING,"7901BAGBY , WACO TX",NONE,NA,NA,SOUTH,Y,0,1,0,0,0,1,0
15147613,2,MOTOR VEHICLE,N,N,TX,1HD1JBB186Y079106,2006,BGE,HONDA,UNKNOWN,MOTORCYCLE,N,77433,1,PROOF OF LIABILITY INSURANCE,"MOTORCYCLE, SCOOTER, MOPED, ETC. ONLY",DAMAGED 1 MINIMUM,NA,NA,NA,NA,N,BY OWNER,MOVED TO PARKING LOT,NONE,NA,NA,WEST,Y,0,1,0,0,0,1,0
15155063,3,MOTOR VEHICLE,Y,N,TX,1HD1FMM17GB654679,NA,BLK,HARLEY-DAVIDSON,NA,POLICE MOTORCYCLE,Y,77002,1,PROOF OF LIABILITY INSURANCE,"MOTORCYCLE, SCOOTER, MOPED, ETC. ONLY",DAMAGED 1 MINIMUM,NA,NA,NA,NA,N,HPD SOLO DETAIL,4400 TELEPHONE RD.,NONE,NA,NA,SOUTH,N,0,0,0,1,0,0,0
15169417,2,MOTOR VEHICLE,N,N,TX,JKBZXNA117A020548,2007,BLU,KAWASAKI,NA,MOTORCYCLE,N,78541,2,NA,"MOTORCYCLE, SCOOTER, MOPED, ETC. ONLY",DAMAGED 1 MINIMUM,12,NA,NA,NA,Y,LIGHTHING TOWING & RECOVERY,11360 EASTEX FRWY,NONE,NA,NA,NORTH,Y,0,0,1,0,0,1,0
15187217,2,MOTOR VEHICLE,N,N,TX,1HD1BW5188Y079254,NA,RED,HARLEY-DAVIDSON,NA,MOTORCYCLE,N,75061,1,PROOF OF LIABILITY INSURANCE,"MOTORCYCLE, SCOOTER, MOPED, ETC. ONLY",DAMAGED 1 MINIMUM,12,NA,NA,NA,N,,,NONE,NA,NA,EAST,Y,0,0,1,0,0,1,0
15202052,2,MOTOR VEHICLE,N,N,TX,JKBVNCB1X3B517433,2003,RED,KAWASAKI,NA,MOTORCYCLE,N,79945,1,LIABILITY INSURANCE POLICY,FRONT END DAMAGE DISTRIBUTED IMPACT,NO DAMAGE,12,NA,NA,NA,N,,,NONE,NA,NA,SOUTH,Y,0,0,1,0,0,1,0
15148282,2,MOTOR VEHICLE,N,N,TX,JS1GR7GA962100780,2006,BLK,SUZUKI,UNKNOWN,MOTORCYCLE,N,79226,1,PROOF OF LIABILITY INSURANCE,"MOTORCYCLE, SCOOTER, MOPED, ETC. ONLY",DAMAGED 1 MINIMUM,NA,NA,NA,NA,Y,MITCHEM WRECKER SERVICE,"3000 N. HIGHWAY 87, BIG SPRING, TEXAS",NONE,NA,NA,SOUTH,Y,1,0,0,0,0,1,0
15184211,2,MOTOR VEHICLE,Y,N,TX,5VPDW36N8E3034778,NA,NA,UNKNOWN,UNKNOWN,MOTORCYCLE,Y,77459,1,PROOF OF LIABILITY INSURANCE,INVALID VALUE,DAMAGED 1 MINIMUM,6,NA,NA,NA,N,QUALITY PAINT AND BODY,"1522 TEXAS PARKWAY, MISSOURI CITY, TX 77",NONE,NA,NA,WEST,Y,0,0,0,0,0,0,0
15193644,2,MOTOR VEHICLE,N,N,TX,JYAVP11E13A048506,2003,BLU,YAMAHA,NA,MOTORCYCLE,N,,1,PROOF OF LIABILITY INSURANCE,FRONT END DAMAGE DISTRIBUTED IMPACT,DAMAGED 5,12,NA,NA,NA,N,LUBBOCK WRECKER,LUBBOCK WRECKER  3209 SLATON HWY   806-7,NONE,NA,NA,SOUTH,Y,0,1,0,0,0,1,0
15215129,2,MOTOR VEHICLE,N,N,TX,JH2SC6609AK000862,NA,BLK,HONDA,NA,MOTORCYCLE,N,77627,2,NA,NA,NA,NA,NA,NA,NA,N,,,NONE,NA,NA,NORTH,Y,0,0,1,1,0,1,0
15194742,1,MOTOR VEHICLE,N,N,TX,1HD1JA5317Y014445,2007,BLK,HARLEY-DAVIDSON,NA,MOTORCYCLE,N,75771,1,PROOF OF LIABILITY INSURANCE,NA,NA,NA,NA,NA,NA,N,,,NONE,NA,NA,NORTH,Y,0,0,0,1,0,0,0
15205719,2,MOTOR VEHICLE,N,N,NC,1HD1BJL1XHY010510,1998,BLK,HARLEY-DAVIDSON,UNKNOWN,MOTORCYCLE,N,28036-9505,1,LIABILITY INSURANCE POLICY,RIGHT SIDE DAMAGE ANGULAR IMPACT,DAMAGED 5,3,NA,NA,NA,Y,HD WRECKER,HD WRECKER,NONE,NA,NA,NORTH,Y,1,0,0,0,0,1,0
15158937,2,MOTOR VEHICLE,N,N,NA,JH2AB020XVK603973,1997,WHI,HONDA,NA,MOTORCYCLE,N,76687,2,NA,"MOTORCYCLE, SCOOTER, MOPED, ETC. ONLY",DAMAGED 1 MINIMUM,NA,NA,NA,NA,Y,CLASSIC PAINT & BODY,"802 S MCKINNEY, MEXIA, TX 76667",DISREGARD STOP SIGN OR LIGHT,NA,NA,NORTH,Y,1,0,0,0,0,1,0
15189147,1,MOTOR VEHICLE,N,N,OH,JKAEXEA1X7A022480,2007,WHI,SUZUKI,NA,MOTORCYCLE,N,77489,2,NA,"MOTORCYCLE, SCOOTER, MOPED, ETC. ONLY",DAMAGED 1 MINIMUM,NA,NA,NA,NA,N,,,NONE,NA,NA,WEST,Y,0,1,0,0,0,1,0
15154979,1,MOTOR VEHICLE,N,N,TX,JYAVP11E42A025381,2002,BLK,YAMAHA,UNKNOWN,MOTORCYCLE,N,77044,1,PROOF OF LIABILITY INSURANCE,FRONT END DAMAGE DISTRIBUTED IMPACT,DAMAGED 4,NA,NA,NA,NA,Y,RAMS TOWING #617,11360 EASTEX FRWY,NONE,NA,NA,WEST,Y,1,0,0,0,0,1,0
15207303,1,MOTOR VEHICLE,N,N,TX,JKBVNKA137A024443,2007,RED,KAWASAKI,NA,MOTORCYCLE,N,77665,1,LIABILITY INSURANCE POLICY,DISTRIBUTED LEFT SIDE DAMAGE PARALLEL IMPACT,DAMAGED 2,11,RIGHT SIDE DAMAGE ANGULAR IMPACT,DAMAGED 2,1,N,K AND K,DRIVERS TRAILER,OTHER (EXPLAIN IN NARRATIVE),NA,DRIVER INATTENTION,SOUTHEAST,Y,0,0,1,0,0,1,0
15209513,2,MOTOR VEHICLE,N,N,TX,5KMMSG2PX67001970,2006,RED,UNKNOWN,UNKNOWN,MOTORCYCLE,N,78041,2,NA,"MOTORCYCLE, SCOOTER, MOPED, ETC. ONLY",DAMAGED 1 MINIMUM,12,NA,NA,NA,N,OWNER,1013 WILLOW ST,NONE,NA,NA,WEST,Y,0,1,0,0,0,1,0
15185163,2,MOTOR VEHICLE,N,N,TX,JH2KF0109FK003196,1985,GRY,HONDA,NA,MOTORCYCLE,N,79311,2,NA,"MOTORCYCLE, SCOOTER, MOPED, ETC. ONLY",DAMAGED 1 MINIMUM,12,NA,NA,NA,N,INDEPENDENT WRECKER,"13807 CR 1420 #3 WOLFFORTH, TX",NONE,NA,NA,EAST,Y,0,1,0,0,0,1,0
15164065,2,MOTOR VEHICLE,N,N,TX,KM4MJ5279C1700732,NA,WHI,HYOSUNG,NA,MOTORCYCLE,N,79907,1,PROOF OF LIABILITY INSURANCE,FRONT END DAMAGE CONCENTRATED IMPACT,DAMAGED 2,12,NA,NA,NA,N,OWNER,LEFT LEGALLY PARKED,NONE,NA,NA,SOUTH,Y,0,0,0,1,0,0,0
15210163,1,MOTOR VEHICLE,N,N,TX,1HD1GM4179K303822,NA,SIL,HARLEY-DAVIDSON,NA,MOTORCYCLE,N,,1,PROOF OF LIABILITY INSURANCE,"MOTORCYCLE, SCOOTER, MOPED, ETC. ONLY",DAMAGED 1 MINIMUM,12,NA,NA,NA,N,DALE MULLEN,PRIVATE TOW,FAILED TO CONTROL SPEED,NA,NA,NORTH,N,0,1,0,0,0,1,0
15188330,1,MOTOR VEHICLE,N,N,TX,1HD1FFW1X3Y631851,2003,BLU,HARLEY-DAVIDSON,NA,MOTORCYCLE,N,79412,1,PROOF OF LIABILITY INSURANCE,FRONT END DAMAGE DISTRIBUTED IMPACT,DAMAGED 1 MINIMUM,12,DISTRIBUTED RIGHT SIDE DAMAGE PARALLEL IMPACT,DAMAGED 3,3,N,PERSONAL CONVEYANCE,,UNDER INFLUENCE - ALCOHOL,FAILED TO CONTROL SPEED,NA,NORTH,Y,1,0,0,0,0,1,0
15186745,2,MOTOR VEHICLE,N,N,TX,1HD1GM41X8K324825,NA,BLK,HARLEY-DAVIDSON,NA,MOTORCYCLE,N,77340,1,PROOF OF LIABILITY INSURANCE,"MOTORCYCLE, SCOOTER, MOPED, ETC. ONLY",DAMAGED 1 MINIMUM,NA,NA,NA,NA,N,OWNER,"3145  HWY 19 S., HUNTSVILLE, TX",NONE,NA,NA,NORTH,Y,0,1,0,0,0,1,0
15207888,1,MOTOR VEHICLE,N,N,TX,1HD1CHP1PWY215443,1998,BLK,HARLEY-DAVIDSON,UNKNOWN,MOTORCYCLE,N,75956,2,NA,FRONT END (LEFT) DAMAGE PARTIAL CONTACT,DAMAGED 3,11,NA,NA,NA,N,CHUCKS 409-832-8228,"2945 BLANCHETTE ST, BEAUMONT, TX 77701",UNSAFE SPEED,NA,NA,WEST,Y,0,1,0,0,0,1,0
15174741,2,MOTOR VEHICLE,Y,N,TX,1HD1JS910GB016995,NA,BLK,HARLEY-DAVIDSON,UNKNOWN,MOTORCYCLE,N,78541,2,NA,RIGHT BACK QUARTER DAMAGE ANGULAR IMPACT,DAMAGED 1 MINIMUM,2,NA,NA,NA,N,,,NONE,NA,NA,NORTH,Y,0,0,0,0,0,0,0
15187669,2,MOTOR VEHICLE,N,N,TX,1HD1JPV18DB030884,NA,GRN,HARLEY-DAVIDSON,NA,MOTORCYCLE,N,79904,1,PROOF OF LIABILITY INSURANCE,BACK END DAMAGE CONCENTRATED IMPACT,DAMAGED 1 MINIMUM,6,NA,NA,NA,N,PRIVATE TOW,8949 ROBERT DR #7,NONE,NA,NA,NORTHWEST,Y,0,0,0,1,0,0,0
15190842,1,MOTOR VEHICLE,N,N,TX,1HD1BWB146Y095064,2006,WHI,HARLEY-DAVIDSON,NA,MOTORCYCLE,N,78613,1,PROOF OF LIABILITY INSURANCE,"MOTORCYCLE, SCOOTER, MOPED, ETC. ONLY",DAMAGED 1 MINIMUM,2,NA,NA,NA,N,,,DRIVER INATTENTION,FOLLOWED TOO CLOSELY,NA,SOUTHEAST,Y,0,1,0,0,0,1,0
15175818,3,MOTOR VEHICLE,Y,N,NA,1HD1BX51X8Y016100,NA,BLK,HARLEY-DAVIDSON,NA,MOTORCYCLE,N,75057,1,PROOF OF LIABILITY INSURANCE,DISTRIBUTED LEFT SIDE DAMAGE PARALLEL IMPACT,DAMAGED 3,9,DISTRIBUTED RIGHT SIDE DAMAGE PARALLEL IMPACT,DAMAGED 3,3,N,SELF,,NONE,NA,NA,SOUTH,N,0,0,0,0,0,0,0
15149466,2,MOTOR VEHICLE,N,N,TX,JKAZX4R129A008219,NA,BLU,KAWASAKI,NA,MOTORCYCLE,N,78250,1,PROOF OF LIABILITY INSURANCE,"MOTORCYCLE, SCOOTER, MOPED, ETC. ONLY",DAMAGED 1 MINIMUM,NA,NA,NA,NA,N,DRIVEN FROM SCENE,DRIVEN FROM SCENE,NONE,NA,NA,WEST,Y,0,1,0,0,0,1,0
15188855,2,MOTOR VEHICLE,N,N,TX,WB10166A1WXA16305,1998,WHI,BMW,UNKNOWN,MOTORCYCLE,N,78621,1,LIABILITY INSURANCE POLICY,DISTRIBUTED RIGHT SIDE DAMAGE PARALLEL IMPACT,DAMAGED 1 MINIMUM,3,NA,NA,NA,N,DRIVEN AWAY,DRIVEN AWAY,NONE,NA,NA,EAST,Y,0,0,0,1,0,0,0
15188330,2,MOTOR VEHICLE,N,N,TX,1HD1KRM18FB641558,NA,WHI,HARLEY-DAVIDSON,NA,MOTORCYCLE,N,79424,1,PROOF OF LIABILITY INSURANCE,BACK END DAMAGE DISTRIBUTED IMPACT,DAMAGED 3,6,DISTRIBUTED RIGHT SIDE DAMAGE PARALLEL IMPACT,DAMAGED 3,3,N,PERSONAL CONVEYANCE,,NONE,NA,NA,NORTH,Y,0,0,1,0,0,1,0
15195579,2,MOTOR VEHICLE,N,N,TX,JH2SC6106AK001460,NA,SIL,HONDA,UNKNOWN,MOTORCYCLE,N,79603,1,PROOF OF LIABILITY INSURANCE,"MOTORCYCLE, SCOOTER, MOPED, ETC. ONLY",DAMAGED 1 MINIMUM,12,NA,NA,NA,N,NOT TOWED,NOT TOWED,NONE,NA,NA,NORTHEAST,Y,0,1,0,0,0,1,0
15145288,2,MOTOR VEHICLE,N,N,TX,1HD1KBM11EB609119,NA,BLK,HARLEY-DAVIDSON,UNKNOWN,MOTORCYCLE,N,75076,1,PROOF OF LIABILITY INSURANCE,"MOTORCYCLE, SCOOTER, MOPED, ETC. ONLY",DAMAGED 1 MINIMUM,NA,NA,NA,NA,Y,GILBERT'S WRECKER SERVICE,"2916 E. HWY 82, GAINESVILLE, TX. 76240",NONE,NA,NA,EAST,Y,1,0,0,0,0,1,0
15151119,2,MOTOR VEHICLE,Y,N,TX,1HD1FHW154Y705240,2004,BLK,HARLEY-DAVIDSON,UNKNOWN,MOTORCYCLE,N,79562,1,PROOF OF LIABILITY INSURANCE,"MOTORCYCLE, SCOOTER, MOPED, ETC. ONLY",DAMAGED 1 MINIMUM,1,NA,NA,NA,N,NOT TOWED,,NONE,NA,NA,UNKNOWN,Y,0,0,0,0,0,0,0
15156395,1,MOTOR VEHICLE,N,N,TX,1HD1GDV1X2Y316629,2002,GRN,HARLEY-DAVIDSON,NA,MOTORCYCLE,N,76444,1,PROOF OF LIABILITY INSURANCE,LEFT SIDE AND TOP DAMAGE ROLLOVER EFFECTS,DAMAGED 3,12,NA,NA,NA,N,GARCIA'S WRECKER SERVCIE,GARCIA'S WRECK YARD,NONE,NA,NA,SOUTH,Y,0,0,0,0,0,0,1
15202525,2,MOTOR VEHICLE,N,N,TX,KM4MP578171104214,2007,BLK,SUZUKI,UNKNOWN,MOTORCYCLE,N,75709,2,NA,"MOTORCYCLE, SCOOTER, MOPED, ETC. ONLY",DAMAGED 1 MINIMUM,12,NA,NA,NA,N,CROW TOWING,CROW LOT,NONE,NA,NA,WEST,Y,0,1,0,0,0,1,0
15164313,1,MOTOR VEHICLE,N,N,TX,KM4MP578271601787,2007,GRN,HYOSUNG,NA,MOTORCYCLE,Y,79922,2,NA,RIGHT SIDE DAMAGE ANGULAR IMPACT,DAMAGED 3,2,NA,NA,NA,N,,,FAILED TO PASS TO LEFT SAFELY,NA,NA,SOUTH,Y,0,0,0,0,1,0,0
15207168,2,MOTOR VEHICLE,N,N,TX,1HD1FC415AB618944,NA,BLK,HARLEY-DAVIDSON,NA,MOTORCYCLE,N,75407,1,LIABILITY INSURANCE POLICY,BACK END DAMAGE DISTRIBUTED IMPACT,DAMAGED 6,6,NA,NA,NA,Y,PRO TOW,IRVING AUTO POUND,NONE,NA,NA,EAST,Y,0,0,2,0,0,2,0
15209925,2,MOTOR VEHICLE,N,N,TX,1HD1EDL10PY113300,1993,BLK,HARLEY-DAVIDSON,NA,MOTORCYCLE,N,77627,1,LIABILITY INSURANCE POLICY,FRONT END DAMAGE DISTRIBUTED IMPACT,DAMAGED 2,12,NA,NA,NA,N,BRIANS WRECKER SERVICE,AWAY FROM SCENE,NONE,NA,NA,NORTH,Y,0,0,0,1,0,0,0
15699967,2,MOTOR VEHICLE,N,N,TX,1HD1BMY1X3Y060388,2003,BLU,HARLEY-DAVIDSON,NA,MOTORCYCLE,N,77493,1,LIABILITY INSURANCE POLICY,LEFT SIDE DAMAGE ANGULAR IMPACT,DAMAGED 3,10,NA,NA,NA,N,OWNERS REQUEST,"HOUSTON, TEXAS",NONE,NA,NA,EAST,Y,0,0,1,0,0,1,0
15197631,1,MOTOR VEHICLE,N,N,TX,1HD1LC317BC409131,NA,BLK,HARLEY-DAVIDSON,NA,MOTORCYCLE,N,77381,1,PROOF OF LIABILITY INSURANCE,"MOTORCYCLE, SCOOTER, MOPED, ETC. ONLY",DAMAGED 1 MINIMUM,NA,NA,NA,NA,Y,ALL POINTS,"123 BUISNESS PARK WILLIS, TX 77378",UNSAFE SPEED,NA,HAD BEEN DRINKING,NORTHWEST,Y,1,0,0,0,0,1,0
15185191,1,MOTOR VEHICLE,N,N,TX,JYARN17E07A002864,2007,BLK,YAMAHA,NA,MOTORCYCLE,N,76018,2,NA,"MOTORCYCLE, SCOOTER, MOPED, ETC. ONLY",DAMAGED 1 MINIMUM,NA,NA,NA,NA,Y,KELLY MCKNIGHT WRECKER 817-265-1336,"1108  HARRISON AVE, ARLINGTON, TX, 76011",UNDER INFLUENCE - ALCOHOL,SPEEDING - (OVERLIMIT),NA,NORTH,Y,1,0,0,0,0,1,0
15207109,1,MOTOR VEHICLE,N,N,TX,JS1VP52A5Y2103865,2000,MUL,SUZUKI,UNKNOWN,MOTORCYCLE,N,79410,1,LIABILITY INSURANCE POLICY,"MOTORCYCLE, SCOOTER, MOPED, ETC. ONLY",DAMAGED 1 MINIMUM,NA,NA,NA,NA,Y,LUBBOCK WRECKER SERVICE,"3209 E SLATON HWY, LUBBOCK, TEXAS 79404",FAILED TO PASS TO LEFT SAFELY,NA,NA,NORTH,Y,1,0,0,0,0,1,0
15209723,2,MOTOR VEHICLE,N,N,TX,JH2RC50364K010328,2004,SIL,HONDA,UNKNOWN,MOTORCYCLE,N,79761,1,PROOF OF LIABILITY INSURANCE,RIGHT SIDE DAMAGE ANGULAR IMPACT,DAMAGED 2,3,NA,NA,NA,N,NEAL POOL REKERS,1117 S GRANT AVE,NONE,NA,NA,NORTH,Y,0,1,0,0,0,1,0
15157344,1,MOTOR VEHICLE,N,N,TX,1HD1FRW136Y646701,2006,BLK,HARLEY-DAVIDSON,UNKNOWN,MOTORCYCLE,N,79118,1,PROOF OF LIABILITY INSURANCE,"MOTORCYCLE, SCOOTER, MOPED, ETC. ONLY",DAMAGED 1 MINIMUM,NA,NA,NA,NA,N,RODNEY KEELING,"5107 MCCORMICK ROAD, AMARILLO, TX  79118",UNDER INFLUENCE - ALCOHOL,UNDER INFLUENCE - DRUG,NA,WEST,Y,1,0,0,0,0,1,0
15167355,1,MOTOR VEHICLE,N,N,TX,JYARJ06E28A037821,NA,BLK,YAMAHA,UNKNOWN,MOTORCYCLE,N,79423,1,PROOF OF LIABILITY INSURANCE,"MOTORCYCLE, SCOOTER, MOPED, ETC. ONLY",DAMAGED 1 MINIMUM,9,NA,NA,NA,N,DRIVEN FROM SCENE BY RELATIVE,,HAD BEEN DRINKING,FAILED TO YIELD ROW - STOP SIGN,NA,EAST,Y,0,0,1,0,0,1,0
15212662,2,MOTOR VEHICLE,N,N,TX,1HD1JK510AB024897,NA,BLU,HARLEY-DAVIDSON,UNKNOWN,MOTORCYCLE,N,78112,1,PROOF OF LIABILITY INSURANCE,FRONT END DAMAGE DISTRIBUTED IMPACT,DAMAGED 2,12,NA,NA,NA,N,CONTRACT WRECKER,GROWDON POUND,NONE,NA,NA,NORTH,Y,0,1,0,0,0,1,0
15182852,1,MOTOR VEHICLE,N,N,TX,JS1GT75A542107470,2004,BLU,SUZUKI,UNKNOWN,MOTORCYCLE,N,76088,1,PROOF OF LIABILITY INSURANCE,"MOTORCYCLE, SCOOTER, MOPED, ETC. ONLY",DAMAGED 1 MINIMUM,NA,NA,NA,NA,N,,,UNSAFE SPEED,NA,NA,SOUTH,Y,1,0,0,0,0,1,0
15158453,1,MOTOR VEHICLE,N,N,TX,1HD1FFM16DB617064,NA,BLK,HARLEY-DAVIDSON,UNKNOWN,MOTORCYCLE,N,79735,1,LIABILITY INSURANCE POLICY,"MOTORCYCLE, SCOOTER, MOPED, ETC. ONLY",DAMAGED 1 MINIMUM,12,NA,NA,NA,N,ACTION WRECKER SERVICE,1109 S MIDLAND DR MIDLAND TX 79703,NONE,NA,NA,WEST,Y,1,0,0,0,0,1,0
15206601,1,MOTOR VEHICLE,N,N,TX,JS1GN7BA612103065,2001,BLK,SUZUKI,NA,MOTORCYCLE,N,75644,2,NA,LEFT SIDE DAMAGE ANGULAR IMPACT,DAMAGED 3,9,RIGHT SIDE DAMAGE ANGULAR IMPACT,DAMAGED 1 MINIMUM,3,N,,,CHANGED LANE WHEN UNSAFE,NA,NA,SOUTH,Y,0,0,1,0,0,1,0
15207177,2,MOTOR VEHICLE,N,N,TX,JYAVP27E5AA012537,NA,RED,YAMAHA,NA,MOTORCYCLE,N,77024,1,PROOF OF LIABILITY INSURANCE,"MOTORCYCLE, SCOOTER, MOPED, ETC. ONLY",DAMAGED 1 MINIMUM,NA,NA,NA,NA,Y,ALIEF TOWING,1700 BRITTMOORE,NONE,NA,NA,EAST,Y,1,0,0,0,0,1,0
15185713,2,MOTOR VEHICLE,N,N,TX,ZD4SGC00294001568,NA,SIL,APRILIA,UNKNOWN,MOTORCYCLE,N,77074,1,PROOF OF LIABILITY INSURANCE,"MOTORCYCLE, SCOOTER, MOPED, ETC. ONLY",DAMAGED 1 MINIMUM,NA,NA,NA,NA,N,U S AUTO CONNECTION,REPAIR SHOP,NONE,NA,NA,NORTH,Y,0,1,0,0,0,1,0
15208414,1,MOTOR VEHICLE,N,N,TX,1HD1CAP11RY218378,1994,BLK,HARLEY-DAVIDSON,NA,MOTORCYCLE,N,78664,1,LIABILITY INSURANCE POLICY,FRONT END DAMAGE DISTRIBUTED IMPACT,DAMAGED 1 MINIMUM,12,NA,NA,NA,N,OWNER,OWNER,HAD BEEN DRINKING,FAILED TO CONTROL SPEED,NA,NORTHWEST,Y,0,0,0,1,0,0,0
15148818,2,MOTOR VEHICLE,N,N,TX,1HD1KB4158Y659104,NA,BLK,HARLEY-DAVIDSON,UNKNOWN,MOTORCYCLE,N,78109,1,PROOF OF LIABILITY INSURANCE,"MOTORCYCLE, SCOOTER, MOPED, ETC. ONLY",DAMAGED 1 MINIMUM,8,NA,NA,NA,N,ROAD RUNNER TOWING,"10307 MUSTANG RIDGE, CONVERSE, TX",NONE,NA,NA,NORTHEAST,Y,1,0,1,0,0,2,0
15170392,1,MOTOR VEHICLE,N,N,TX,JKAEXMF1X6DA22465,2006,BLU,KAWASAKI,NA,MOTORCYCLE,N,76549,1,PROOF OF LIABILITY INSURANCE,FRONT END DAMAGE DISTRIBUTED IMPACT,DAMAGED 2,12,"MOTORCYCLE, SCOOTER, MOPED, ETC. ONLY",DAMAGED 1 MINIMUM,9,N,BILL'S TOWING (254)628-1010,"3700 BACON RANCH  KILLEEN, TX  76543",NONE,NA,NA,NORTH,Y,0,1,0,0,0,1,0
15147982,1,MOTOR VEHICLE,N,N,TX,JH2PC4001EK700089,NA,YEL,HONDA,NA,MOTORCYCLE,N,77377,1,PROOF OF LIABILITY INSURANCE,"MOTORCYCLE, SCOOTER, MOPED, ETC. ONLY",DAMAGED 1 MINIMUM,NA,NA,NA,NA,N,NOT TOWED,NOT TOWED,NA,NA,UNSAFE SPEED,EAST,Y,0,0,1,0,0,1,0
15189783,1,MOTOR VEHICLE,N,N,TX,JKAZX2E16YA000472,2000,WHI,KAWASAKI,NA,MOTORCYCLE,N,76119,1,LIABILITY INSURANCE POLICY,FRONT END DAMAGE DISTRIBUTED IMPACT,DAMAGED 2,2,NA,NA,NA,N,SEGA TOWING,FORT WORTH AUTO POUND,FAILED TO YIELD ROW - OPEN INTERSECTION,NA,NA,NORTHWEST,Y,0,0,0,0,0,0,1
15159713,1,MOTOR VEHICLE,N,N,TX,1HD1BKL1XTY019478,1996,RED,HARLEY-DAVIDSON,NA,MOTORCYCLE,N,75169,1,PROOF OF LIABILITY INSURANCE,LEFT SIDE DAMAGE ANGULAR IMPACT,DAMAGED 1 MINIMUM,9,RIGHT SIDE DAMAGE ANGULAR IMPACT,DAMAGED 1 MINIMUM,3,N,,,ANIMAL ON ROAD- WILD,NA,TURNED WHEN UNSAFE,WEST,Y,0,1,0,0,0,1,0
15150152,2,MOTOR VEHICLE,N,N,TX,1HD1FMM10FB607816,NA,BLK,HARLEY-DAVIDSON,NA,MOTORCYCLE,Y,75138,1,CERTIFICATE OF SELF-INSURANCE,"MOTORCYCLE, SCOOTER, MOPED, ETC. ONLY",DAMAGED 1 MINIMUM,12,NA,NA,NA,Y,24 HOUR WRECKER,LONGHORN HARLEY-DAVIDSON,NONE,NA,NA,SOUTHWEST,Y,1,0,0,0,0,1,0