CRASH_ID,UNIT_NBR,UNIT_DESC_ID,VEH_PARKED_FL,VEH_HNR_FL,VEH_LIC_STATE_ID,VIN,VEH_MOD_YEAR,VEH_COLOR_ID,VEH_MAKE_ID,VEH_MOD_ID,VEH_BODY_STYL_ID,EMER_RESPNDR_FL,OWNR_ZIP,FIN_RESP_PROOF_ID,FIN_RESP_TYPE_ID,VEH_DMAG_AREA_1_ID,VEH_DMAG_SCL_1_ID,FORCE_DIR_1_ID,VEH_DMAG_AREA_2_ID,VEH_DMAG_SCL_2_ID,FORCE_DIR_2_ID,VEH_INVENTORIED_FL,VEH_TRANSP_NAME,VEH_TRANSP_DEST,CONTRIB_FACTR_1_ID,CONTRIB_FACTR_2_ID,CONTRIB_FACTR_P1_ID,VEH_TRVL_DIR_ID,FIRST_HARM_EVT_INV_ID,INCAP_INJRY_CNT,NONINCAP_INJRY_CNT,POSS_INJRY_CNT,NON_INJRY_CNT,UNKN_INJRY_CNT,TOT_INJRY_CNT,DEATH_CNT
15164795,1,MOTOR VEHICLE,N,N,TX,JS1VS52A7P2103895,1993,BLK,SUZUKI,UNKNOWN,MOTORCYCLE,N,76384,2,NA,"MOTORCYCLE, SCOOTER, MOPED, ETC. ONLY",DAMAGED 1 MINIMUM,NA,NA,NA,NA,Y,GOODRUM'S WRECKER,"6591 BUS. HWY 287, VERNON, TX 76384",UNDER INFLUENCE - ALCOHOL,UNDER INFLUENCE - DRUG,NA,SOUTHEAST,Y,1,0,0,0,0,1,0
15200420,1,MOTOR VEHICLE,N,N,TX,1HFSC55035A105807,2005,SIL,HONDA,NA,MOTORCYCLE,N,77662,2,NA,FRONT END DAMAGE DISTRIBUTED IMPACT,DAMAGED 3,12,LEFT FRONT QUARTER DAMAGE ANGULAR IMPACT,DAMAGED 3,10,N,TNT,WRECKER YARD,NONE,NA,NA,NORTH,Y,0,1,0,0,0,1,0
15315064,2,MOTOR VEHICLE,N,N,TN,1HD1KRM15GB612598,NA,GRY,HARLEY-DAVIDSON,NA,MOTORCYCLE,N,37857,1,PROOF OF LIABILITY INSURANCE,"MOTORCYCLE, SCOOTER, MOPED, ETC. ONLY",DAMAGED 1 MINIMUM,NA,NA,NA,NA,N,E&S AUTO,500 S COLUMBIA DRIVE,NONE,NA,NA,SOUTH,Y,0,0,1,0,0,1,0
15185032,1,MOTOR VEHICLE,N,N,TX,JH2PC35041M210456,2001,BLK,HONDA,NA,MOTORCYCLE,N,79924,2,NA,FRONT END DAMAGE DISTRIBUTED IMPACT,DAMAGED 3,12,LEFT SIDE DAMAGE ANGULAR IMPACT,DAMAGED 3,9,Y,,,FAILED TO CONTROL SPEED,NA,NA,EAST,Y,0,0,1,0,0,1,0
15213233,2,MOTOR VEHICLE,N,N,TX,1HD1JD5187Y021280,2007,RED,HARLEY-DAVIDSON,UNKNOWN,MOTORCYCLE,N,78355,2,NA,"MOTORCYCLE, SCOOTER, MOPED, ETC. ONLY",DAMAGED 1 MINIMUM,NA,NA,NA,NA,Y,HUGHES WRECKER,4526 E. SANTA GERTRUDIS,NONE,NA,NA,SOUTH,Y,0,0,1,0,0,1,0
15156983,1,MOTOR VEHICLE,N,N,NM,JS1CT79A9G2100097,NA,GRY,SUZUKI,NA,MOTORCYCLE,N,79912,2,NA,LEFT SIDE DAMAGE ANGULAR IMPACT,DAMAGED 1 MINIMUM,9,RIGHT SIDE DAMAGE ANGULAR IMPACT,DAMAGED 1 MINIMUM,3,Y,SOHLE,MUNI FACILITY,FAILED TO CONTROL SPEED,NA,NA,WEST,Y,0,0,1,0,0,1,0
15215534,2,MOTOR VEHICLE,N,N,TX,1HD1KGM1XDB689452,NA,BLK,HARLEY-DAVIDSON,UNKNOWN,MOTORCYCLE,N,77539,1,PROOF OF LIABILITY INSURANCE,FRONT END DAMAGE CONCENTRATED IMPACT,DAMAGED 3,12,NA,NA,NA,N,DEWITT WRECKER,DEWITT WRECKER,NONE,NA,NA,EAST,Y,0,0,1,0,0,1,0
15195614,2,MOTOR VEHICLE,N,Y,TX,1HD1FFW13XY645824,1999,BLK,HARLEY-DAVIDSON,NA,MOTORCYCLE,N,75051,1,PROOF OF LIABILITY INSURANCE,"MOTORCYCLE, SCOOTER, MOPED, ETC. ONLY",DAMAGED 1 MINIMUM,6,"MOTORCYCLE, SCOOTER, MOPED, ETC. ONLY",DAMAGED 1 MINIMUM,12,Y,DAVES WRECKER,3010 HARD ROCK RD. GRAND PRAIRIE,NONE,NA,NA,EAST,Y,0,1,0,0,0,1,0
15179264,1,MOTOR VEHICLE,N,N,TX,JYAVN05EXEA007742,NA,GRN,YAMAHA,NA,MOTORCYCLE,N,78620,1,PROOF OF LIABILITY INSURANCE,"MOTORCYCLE, SCOOTER, MOPED, ETC. ONLY",DAMAGED 1 MINIMUM,NA,NA,NA,NA,Y,HARPER'S TOWING,"141 S. CANYONWOOD DR., DRIPPING SPRINGS",NONE,NA,NA,SOUTHEAST,Y,0,1,0,0,0,1,0
15186745,3,MOTOR VEHICLE,N,N,TX,1HD1JN516AB029605,NA,BLK,HARLEY-DAVIDSON,NA,MOTORCYCLE,N,77316,1,PROOF OF LIABILITY INSURANCE,"MOTORCYCLE, SCOOTER, MOPED, ETC. ONLY",DAMAGED 1 MINIMUM,NA,NA,NA,NA,Y,GEORGE WHITE WRECKER SVC. 646-3845,"149 MAPLE, ONALASKA, TX",NONE,NA,NA,NORTH,N,1,0,0,0,0,1,1
15160821,1,MOTOR VEHICLE,N,N,TX,JYARJ12E57A013359,2007,GRY,YAMAHA,UNKNOWN,MOTORCYCLE,N,77065,1,PROOF OF LIABILITY INSURANCE,"MOTORCYCLE, SCOOTER, MOPED, ETC. ONLY",DAMAGED 1 MINIMUM,NA,NA,NA,NA,N,GRIMES COUNTY WRECKER 936-825-0300,"1511 W WASHINGTON AVE NAVASOTA, TX 77868",UNSAFE SPEED,NA,NA,SOUTHEAST,Y,1,0,0,0,0,1,0
15189032,1,MOTOR VEHICLE,N,N,TX,1HD1JD518BB027012,NA,MAR,HARLEY-DAVIDSON,UNKNOWN,MOTORCYCLE,N,78247,1,PROOF OF LIABILITY INSURANCE,LEFT SIDE DAMAGE ANGULAR IMPACT,DAMAGED 3,12,NA,NA,NA,N,TEXAS TOWING,GROWDON POUND,DRIVER INATTENTION,UNDER INFLUENCE - ALCOHOL,NA,SOUTH,Y,0,1,0,0,0,1,0
15165323,2,MOTOR VEHICLE,N,N,TX,JKAEXVD139A113881,NA,BLK,KAWASAKI,UNKNOWN,MOTORCYCLE,N,79336,1,PROOF OF LIABILITY INSURANCE,FRONT END DAMAGE DISTRIBUTED IMPACT,DAMAGED 4,12,NA,NA,NA,N,BUSH WRECKER,BUSH'S GARAGE,NONE,NA,NA,WEST,Y,1,0,0,0,0,1,0
15209482,2,MOTOR VEHICLE,N,N,TX,1HD4NBB17FC503843,NA,BLK,HARLEY-DAVIDSON,NA,MOTORCYCLE,N,78046,1,LIABILITY INSURANCE POLICY,FRONT END DAMAGE CONCENTRATED IMPACT,DAMAGED 1 MINIMUM,12,NA,NA,NA,N,,,NONE,NA,NA,NORTH,Y,0,0,1,0,0,1,0
15199575,2,MOTOR VEHICLE,N,N,TX,JS1GT76A062114991,2006,BLU,SUZUKI,NA,MOTORCYCLE,N,78852,2,NA,"MOTORCYCLE, SCOOTER, MOPED, ETC. ONLY",DAMAGED 1 MINIMUM,NA,NA,NA,NA,Y,I - 2 TOWING,3100 E. BUS 83 DONNA TEXAS 78537,NA,NA,DISREGARD STOP AND GO SIGNAL,SOUTH,Y,1,0,0,0,0,1,0
15175818,2,MOTOR VEHICLE,Y,N,NA,1HD1FC4118Y630337,NA,BLK,HARLEY-DAVIDSON,NA,MOTORCYCLE,N,75057,1,PROOF OF LIABILITY INSURANCE,FRONT END (LEFT) DAMAGE PARTIAL CONTACT,DAMAGED 3,11,DISTRIBUTED RIGHT SIDE DAMAGE PARALLEL IMPACT,DAMAGED 4,3,N,SELF,,NONE,NA,NA,SOUTH,N,0,0,0,0,0,0,0
15184995,3,MOTOR VEHICLE,Y,N,TX,JKBZGNA119A021346,NA,BLK,KAWASAKI,NA,MOTORCYCLE,N,79907,1,PROOF OF LIABILITY INSURANCE,RIGHT SIDE DAMAGE ANGULAR IMPACT,DAMAGED 1 MINIMUM,3,LEFT SIDE DAMAGE ANGULAR IMPACT,DAMAGED 2,9,N,,,NONE,NA,NA,EAST,Y,0,0,0,0,0,0,0
15188763,2,MOTOR VEHICLE,N,N,TX,JS1GX72A3B2101771,NA,WHI,SUZUKI,NA,MOTORCYCLE,N,77057,1,LIABILITY INSURANCE POLICY,"MOTORCYCLE, SCOOTER, MOPED, ETC. ONLY",DAMAGED 1 MINIMUM,NA,NA,NA,NA,N,,,NONE,NA,NA,WEST,Y,0,0,1,0,0,1,0
15157141,2,MOTOR VEHICLE,N,N,TX,JH2SC2401PM200787,1993,BLK,HONDA,NA,MOTORCYCLE,N,78725,1,PROOF OF LIABILITY INSURANCE,"MOTORCYCLE, SCOOTER, MOPED, ETC. ONLY",DAMAGED 1 MINIMUM,6,NA,NA,NA,Y,ROCHAS TOWING SERVICE,ROCHAS TOWING SERVICE,NONE,NA,NA,EAST,Y,0,1,0,0,0,1,0
15179344,2,MOTOR VEHICLE,N,N,TX,1HD1JA5128Y078980,NA,BLK,HARLEY-DAVIDSON,NA,MOTORCYCLE,N,78602,2,NA,"MOTORCYCLE, SCOOTER, MOPED, ETC. ONLY",DAMAGED 1 MINIMUM,NA,NA,NA,NA,Y,USA AUTO SALES,291 HWY 290 E ELGIN TX 78602,NONE,NA,NA,SOUTH,Y,0,0,0,0,0,0,2
15211705,2,MOTOR VEHICLE,N,N,TX,1HD1KEM26DB640956,NA,BLK,HARLEY-DAVIDSON,UNKNOWN,MOTORCYCLE,N,77047,1,LIABILITY INSURANCE POLICY,FRONT END DAMAGE DISTRIBUTED IMPACT,DAMAGED 2,NA,NA,NA,NA,N,,,NONE,NA,NA,NORTH,Y,0,0,1,0,0,1,0
15187255,1,MOTOR VEHICLE,N,N,TX,1HD1KBM11GB681022,NA,BLK,HARLEY-DAVIDSON,UNKNOWN,MOTORCYCLE,N,77406,1,PROOF OF LIABILITY INSURANCE,DISTRIBUTED LEFT SIDE DAMAGE PARALLEL IMPACT,DAMAGED 2,NA,DISTRIBUTED RIGHT SIDE DAMAGE PARALLEL IMPACT,DAMAGED 2,NA,N,EASTSIDE,"513 PECAN, FRESNO",CHANGED LANE WHEN UNSAFE,NA,NA,EAST,Y,0,1,0,0,0,1,0
15205519,2,MOTOR VEHICLE,N,N,TX,1HFSC18092A602411,2002,RED,HONDA,NA,MOTORCYCLE,N,77590,2,NA,FRONT END DAMAGE CONCENTRATED IMPACT,DAMAGED 3,12,NA,NA,NA,N,BILL'S WRECKER SERVICE,BILL'S WRECKER SERVICE,NONE,NA,NA,EAST,Y,1,0,0,0,0,1,0
15215737,1,MOTOR VEHICLE,N,N,TX,JKAZX9B1X2A000625,2002,BLK,KAWASAKI,NA,MOTORCYCLE,N,79762,1,PROOF OF LIABILITY INSURANCE,"MOTORCYCLE, SCOOTER, MOPED, ETC. ONLY",DAMAGED 1 MINIMUM,NA,NA,NA,NA,N,DRIVEN AWAY BY DRIVER,,FAILED TO CONTROL SPEED,OTHER (EXPLAIN IN NARRATIVE),ANIMAL ON ROAD- WILD,SOUTHEAST,Y,0,1,0,0,0,1,0
15190843,1,MOTOR VEHICLE,N,N,TX,JYARJ06E44A015376,2004,BLU,YAMAHA,UNKNOWN,MOTORCYCLE,N,78610,2,NA,"MOTORCYCLE, SCOOTER, MOPED, ETC. ONLY",DAMAGED 1 MINIMUM,12,NA,NA,NA,N,HARPERS TOWING SERVICE INC,HARPERS TOWING SERVICE INC,DRIVER INATTENTION,FAILED TO DRIVE IN SINGLE LANE,NA,EAST,Y,0,0,1,0,0,1,0
15210724,2,MOTOR VEHICLE,N,N,TX,1HD1JK5118Y054661,NA,BLK,HARLEY-DAVIDSON,NA,MOTORCYCLE,N,79102,1,PROOF OF LIABILITY INSURANCE,"MOTORCYCLE, SCOOTER, MOPED, ETC. ONLY",DAMAGED 1 MINIMUM,11,NA,NA,NA,N,,,NONE,NA,NA,WEST,Y,0,1,0,0,0,1,0
15202095,2,MOTOR VEHICLE,N,N,TX,JS1GN7BA432110082,2003,YEL,SUZUKI,NA,MOTORCYCLE,N,78745,1,PROOF OF LIABILITY INSURANCE,"MOTORCYCLE, SCOOTER, MOPED, ETC. ONLY",DAMAGED 1 MINIMUM,12,NA,NA,NA,N,ROCHAS TOWING SERVICE,ROCHAS TOWING SERVICE,NONE,NA,NA,EAST,Y,0,1,0,0,0,1,0
15193579,1,MOTOR VEHICLE,N,N,TX,1HD1FJV1XXY633075,1999,BLK,HARLEY-DAVIDSON,NA,MOTORCYCLE,N,79907,1,LIABILITY INSURANCE POLICY,FRONT END DAMAGE CONCENTRATED IMPACT,DAMAGED 1 MINIMUM,12,LEFT BACK QUARTER DAMAGE ANGULAR IMPACT,DAMAGED 1 MINIMUM,9,N,SOLEH,MUNICIPAL YARD,FAILED TO CONTROL SPEED,NA,NA,NORTHEAST,Y,0,0,1,0,0,1,0
15213973,2,NON-CONTACT,N,N,TX,WB10418A2WZC63392,1998,BLK,BMW,NA,MOTORCYCLE,N,76065,1,PROOF OF LIABILITY INSURANCE,NA,NA,NA,NA,NA,NA,N,,,FAILED TO YIELD ROW - PRIVATE DRIVE,NA,HAD BEEN DRINKING,WEST,N,0,0,0,1,0,0,0
15153908,2,MOTOR VEHICLE,N,N,TX,1HFSC370XWA000524,1998,MAR,HONDA,UNKNOWN,MOTORCYCLE,N,77354,1,LIABILITY INSURANCE POLICY,BACK END DAMAGE CONCENTRATED IMPACT,DAMAGED 5,12,BACK END DAMAGE CONCENTRATED IMPACT,DAMAGED 5,12,N,PRASIFKA WRECKER SERVICE,2012 S IH-45 HUTCHINS TX 75141,DISTRACTION IN VEHICLE,DRIVER INATTENTION,NA,NORTH,Y,1,0,0,0,0,1,0
15315137,2,MOTOR VEHICLE,N,N,TX,1HD4CJM463K420784,2003,SIL,HARLEY-DAVIDSON,UNKNOWN,MOTORCYCLE,N,76401,1,PROOF OF LIABILITY INSURANCE,DISTRIBUTED LEFT SIDE DAMAGE PARALLEL IMPACT,DAMAGED 1 MINIMUM,10,RIGHT SIDE DAMAGE ANGULAR IMPACT,NO DAMAGE,1,N,WRECKER,PARHAM'S,NONE,NA,NA,SOUTHWEST,Y,1,0,0,0,0,1,0
15215739,3,MOTOR VEHICLE,N,N,TX,JH2SC3306XM303212,1999,RED,HONDA,NA,MOTORCYCLE,N,78016,2,NA,"MOTORCYCLE, SCOOTER, MOPED, ETC. ONLY",DAMAGED 1 MINIMUM,NA,NA,NA,NA,N,ECONOMY TOWING,ECONOMY TOWING STORAGE FACILITY,NONE,NA,NA,WEST,N,0,1,0,0,0,1,0
15159713,2,MOTOR VEHICLE,N,N,TX,1HD1KBM16CB660953,NA,BLK,HARLEY-DAVIDSON,UNKNOWN,MOTORCYCLE,N,75036,1,PROOF OF LIABILITY INSURANCE,LEFT BACK QUARTER DAMAGE ANGULAR IMPACT,DAMAGED 1 MINIMUM,8,NA,NA,NA,N,,,NONE,NA,NA,WEST,Y,0,0,0,1,0,0,0
15189747,2,MOTOR VEHICLE,N,N,TX,1HD1KRM15EB690182,NA,BLK,HARLEY-DAVIDSON,NA,MOTORCYCLE,N,76208,1,PROOF OF LIABILITY INSURANCE,"MOTORCYCLE, SCOOTER, MOPED, ETC. ONLY",DAMAGED 1 MINIMUM,NA,NA,NA,NA,N,B&O TOWING,CITY IMPOUND,NONE,NA,NA,WEST,Y,1,0,0,0,0,1,0
15215876,1,MOTOR VEHICLE,N,N,TX,JYAVP27E9CA014830,NA,SIL,YAMAHA,UNKNOWN,MOTORCYCLE,N,77320,1,LIABILITY INSURANCE POLICY,FRONT END (LEFT) DAMAGE PARTIAL CONTACT,DAMAGED 7 HIGHEST,12,DISTRIBUTED LEFT SIDE DAMAGE PARALLEL IMPACT,DAMAGED 7 HIGHEST,11,N,DRIVER,LEFT AT SCENE,DRIVER INATTENTION,FAULTY EVASIVE ACTION,FAILED TO CONTROL SPEED,NORTHEAST,Y,0,1,0,0,0,1,0
15152243,1,MOTOR VEHICLE,N,N,TX,1HD1BJY104Y019963,2004,BLK,HARLEY-DAVIDSON,UNKNOWN,MOTORCYCLE,N,79936,1,LIABILITY INSURANCE POLICY,DISTRIBUTED LEFT SIDE DAMAGE PARALLEL IMPACT,DAMAGED 3,9,DISTRIBUTED RIGHT SIDE DAMAGE PARALLEL IMPACT,DAMAGED 3,3,N,SOLEH,11615 RAILROAD,FAILED TO CONTROL SPEED,NA,NA,NORTH,Y,0,1,0,0,0,1,0
15151119,3,MOTOR VEHICLE,Y,N,TX,1HD1JRV17FB035962,NA,BLK,HARLEY-DAVIDSON,UNKNOWN,MOTORCYCLE,N,79567,1,PROOF OF LIABILITY INSURANCE,"MOTORCYCLE, SCOOTER, MOPED, ETC. ONLY",DAMAGED 1 MINIMUM,9,NA,NA,NA,N,NOT TOWED,,NONE,NA,NA,UNKNOWN,N,0,0,0,0,0,0,0
15201231,2,MOTOR VEHICLE,N,N,TX,WB1061205EZZ25262,NA,RED,BMW,NA,MOTORCYCLE,N,79424,1,LIABILITY INSURANCE POLICY,FRONT END (RIGHT)  DAMAGE PARTIAL CONTACT,DAMAGED 1 MINIMUM,12,DISTRIBUTED RIGHT SIDE DAMAGE PARALLEL IMPACT,DAMAGED 1 MINIMUM,2,N,,,NONE,NA,NA,EAST,Y,0,0,0,1,0,0,0
15163849,1,MOTOR VEHICLE,N,N,TX,1HD1BWV17DB019799,NA,BLU,HARLEY-DAVIDSON,NA,MOTORCYCLE,N,79924,1,PROOF OF LIABILITY INSURANCE,LEFT SIDE DAMAGE ANGULAR IMPACT,DAMAGED 3,9,RIGHT SIDE DAMAGE ANGULAR IMPACT,DAMAGED 1 MINIMUM,9,Y,SOHLE,11615 RAILROAD,FAILED TO YIELD ROW - STOP SIGN,NA,NA,NORTH,Y,0,0,1,0,0,1,0
15237398,1,MOTOR VEHICLE,N,N,TX,JH2RC50064M001509,2004,BLK,HONDA,UNKNOWN,MOTORCYCLE,N,77510,1,LIABILITY INSURANCE POLICY,DISTRIBUTED RIGHT SIDE DAMAGE PARALLEL IMPACT,DAMAGED 1 MINIMUM,3,NA,NA,NA,Y,MCH WRECKER SERVICE,WRECKER LOT,FAILED TO CONTROL SPEED,NA,NA,NORTH,Y,1,0,0,0,0,1,0
14673345,2,MOTOR VEHICLE,N,N,TX,JYAVP02E61A014938,2001,RED,YAMAHA,UNKNOWN,MOTORCYCLE,N,78384,2,NA,"MOTORCYCLE, SCOOTER, MOPED, ETC. ONLY",DAMAGED 1 MINIMUM,1,NA,NA,NA,N,DANNY'S WRECKER SERVICE,"915 CECILIA   ALICE, TEXAS 78332",NONE,NA,NA,NORTHEAST,Y,0,0,1,0,0,1,0
15215739,2,MOTOR VEHICLE,N,N,TX,JH2SC500X2M003052,2002,RED,HONDA,NA,MOTORCYCLE,N,76131,1,PROOF OF LIABILITY INSURANCE,"MOTORCYCLE, SCOOTER, MOPED, ETC. ONLY",DAMAGED 1 MINIMUM,NA,NA,NA,NA,N,ECONOMY TOWING,ECONOMY TOWING STORAGE FACILITY,NONE,NA,NA,WEST,Y,0,2,0,0,0,2,0
15153670,1,MOTOR VEHICLE,N,N,TX,JS1GR7NA4F2102214,NA,BLK,SUZUKI,NA,MOTORCYCLE,N,75428,2,NA,FRONT END DAMAGE DISTRIBUTED IMPACT,DAMAGED 2,12,DISTRIBUTED RIGHT SIDE DAMAGE PARALLEL IMPACT,DAMAGED 2,3,N,,,ANIMAL ON ROAD- WILD,NA,NA,WEST,Y,0,1,0,0,0,1,0
15165410,1,MOTOR VEHICLE,N,N,TX,9D10871H4,1974,PLE,HARLEY-DAVIDSON,UNKNOWN,MOTORCYCLE,N,76137,1,PROOF OF LIABILITY INSURANCE,"MOTORCYCLE, SCOOTER, MOPED, ETC. ONLY",DAMAGED 1 MINIMUM,1,NA,NA,NA,,AA WRECKER,5709 B DENTON HIGHWAY,UNDER INFLUENCE - ALCOHOL,NA,NA,WEST,Y,0,0,0,1,0,0,0
15205415,1,MOTOR VEHICLE,N,N,TX,1HD1GYM13FC317844,NA,WHI,HARLEY-DAVIDSON,NA,MOTORCYCLE,N,77586,1,PROOF OF LIABILITY INSURANCE,"MOTORCYCLE, SCOOTER, MOPED, ETC. ONLY",DAMAGED 1 MINIMUM,1,NA,NA,NA,N,,,HAD BEEN DRINKING,NA,NA,NORTHEAST,Y,0,1,0,0,0,1,0
15172548,1,MOTOR VEHICLE,N,N,TX,JS1GN7CA152110395,2005,BLK,SUZUKI,NA,MOTORCYCLE,N,79934,1,PROOF OF LIABILITY INSURANCE,FRONT END DAMAGE DISTRIBUTED IMPACT,DAMAGED 1 MINIMUM,11,LEFT SIDE DAMAGE ANGULAR IMPACT,DAMAGED 3,9,N,,,FAILED TO CONTROL SPEED,NA,DRIVER INATTENTION,NORTH,Y,0,1,0,0,0,1,0
15207247,1,MOTOR VEHICLE,N,N,TX,1HFSC55077A307505,2007,BLU,HONDA,NA,MOTORCYCLE,N,76107,1,PROOF OF LIABILITY INSURANCE,DISTRIBUTED LEFT SIDE DAMAGE PARALLEL IMPACT,DAMAGED 2,9,DISTRIBUTED RIGHT SIDE DAMAGE PARALLEL IMPACT,DAMAGED 2,3,Y,PETTYS SERVICE CENTER,5110 IH 30 GREENVILLE TX. 75401,UNSAFE SPEED,NA,NA,NORTHEAST,Y,1,0,0,0,0,1,0
15166369,1,MOTOR VEHICLE,N,N,NA,JH2HE03073K224687,2003,WHI,HONDA,NA,MOTORCYCLE,N,75009,2,NA,RIGHT FRONT QUARTER DAMAGE ANGULAR IMPACT,DAMAGED 1 MINIMUM,2,RIGHT BACK QUARTER DAMAGE ANGULAR IMPACT,DAMAGED 1 MINIMUM,3,N,,,NONE,NA,NA,UNKNOWN,Y,0,0,0,1,0,0,0
15169996,2,MOTOR VEHICLE,N,N,TX,1HD4CR2129K419051,NA,RED,HARLEY-DAVIDSON,UNKNOWN,MOTORCYCLE,N,76528,1,PROOF OF LIABILITY INSURANCE,"MOTORCYCLE, SCOOTER, MOPED, ETC. ONLY",DAMAGED 1 MINIMUM,3,NA,NA,NA,N,FINCHER'S TOWING,"3209 S STATE HWY 36 GATESVILLE, TX 76528",NONE,NA,NA,WEST,Y,1,0,0,0,0,1,0
15201086,2,MOTOR VEHICLE,N,N,TX,1HD1BWV11FB024726,NA,BLK,HARLEY-DAVIDSON,NA,MOTORCYCLE,N,77382,1,PROOF OF LIABILITY INSURANCE,"MOTORCYCLE, SCOOTER, MOPED, ETC. ONLY",DAMAGED 1 MINIMUM,NA,NA,NA,NA,N,,,NONE,NA,NA,WEST,Y,0,0,0,1,0,0,0
15155720,1,MOTOR VEHICLE,N,N,TX,1HD4CEM14NY112140,1992,MAR,HARLEY-DAVIDSON,UNKNOWN,MOTORCYCLE,N,79339,2,NA,"MOTORCYCLE, SCOOTER, MOPED, ETC. ONLY",DAMAGED 1 MINIMUM,1,"MOTORCYCLE, SCOOTER, MOPED, ETC. ONLY",DAMAGED 1 MINIMUM,1,N,,RELEASED AT SCENE,UNSAFE SPEED,NA,NA,WEST,Y,0,1,0,0,0,1,0
15194267,1,MOTOR VEHICLE,N,N,TX,JS1GT76A562109088,2006,BLK,SUZUKI,NA,MOTORCYCLE,N,76137,2,NA,FRONT END DAMAGE DISTRIBUTED IMPACT,DAMAGED 7 HIGHEST,12,DISTRIBUTED RIGHT SIDE DAMAGE PARALLEL IMPACT,DAMAGED 5,12,N,AA WRECKER,5709 B DENTON HIGHWAY,UNSAFE SPEED,NA,NA,NORTH,Y,1,0,0,0,0,1,0
15198532,2,MOTOR VEHICLE,N,N,TX,1HD1CT3187K410978,2007,BLK,HARLEY-DAVIDSON,NA,MOTORCYCLE,N,76208,1,PROOF OF LIABILITY INSURANCE,"MOTORCYCLE, SCOOTER, MOPED, ETC. ONLY",DAMAGED 1 MINIMUM,6,NA,NA,NA,N,,,NONE,NA,NA,SOUTHWEST,Y,0,0,0,1,0,0,0
15166323,2,MOTOR VEHICLE,N,N,TX,JH2RC50006M203023,2006,PLE,HONDA,NA,MOTORCYCLE,N,75455,1,PROOF OF LIABILITY INSURANCE,"MOTORCYCLE, SCOOTER, MOPED, ETC. ONLY",DAMAGED 1 MINIMUM,NA,NA,NA,NA,Y,DICKEY MORROW,US 67 E MT PLEASANT TX 75455,NONE,NA,NA,EAST,Y,0,1,0,0,0,1,0
15177959,1,MOTOR VEHICLE,N,N,TX,JYARN23E6CA013521,NA,WHI,YAMAHA,NA,MOTORCYCLE,N,765040000,1,PROOF OF LIABILITY INSURANCE,FRONT END DAMAGE CONCENTRATED IMPACT,DAMAGED 1 MINIMUM,12,BACK END (RIGHT) DAMAGE PARTIAL CONTACT,DAMAGED 1 MINIMUM,NA,N,WARDS,WARDS,DRIVER INATTENTION,NA,NA,NORTH,Y,0,1,0,0,0,1,0
15162747,3,MOTOR VEHICLE,N,N,TX,1HD1KHM10CB657047,NA,BLK,HARLEY-DAVIDSON,NA,MOTORCYCLE,N,78251,1,LIABILITY INSURANCE POLICY,"MOTORCYCLE, SCOOTER, MOPED, ETC. ONLY",DAMAGED 1 MINIMUM,6,NA,NA,NA,N,,,NONE,NA,NA,NORTHEAST,N,0,0,0,2,0,0,0
15154572,5,MOTOR VEHICLE,N,N,TX,WB10166A8XXA17615,1999,BLU,BMW,R SERIES,MOTORCYCLE,N,77356,1,PROOF OF LIABILITY INSURANCE,BACK END (LEFT) DAMAGE PARTIAL CONTACT,DAMAGED 1 MINIMUM,5,BACK END (RIGHT) DAMAGE PARTIAL CONTACT,DAMAGED 1 MINIMUM,4,N,,,NONE,NA,NA,NORTHWEST,N,0,0,0,1,0,0,0
15196688,1,MOTOR VEHICLE,N,N,TX,JKAZX4J1XYA003666,2000,BLK,KAWASAKI,NA,MOTORCYCLE,N,79927,3,PROOF OF LIABILITY INSURANCE,FRONT END (RIGHT)  DAMAGE PARTIAL CONTACT,DAMAGED 5,1,NA,NA,NA,N,SOCORRO TOWING,565 BUFORD RD,FAILED TO DRIVE IN SINGLE LANE,NA,SPEEDING - (OVERLIMIT),NORTH,Y,0,0,1,0,0,1,0
15192088,2,MOTOR VEHICLE,N,N,TX,JS1VY51A3Y2100509,2000,BLK,SUZUKI,NA,MOTORCYCLE,N,88401,2,NA,FRONT END DAMAGE DISTRIBUTED IMPACT,DAMAGED 7 HIGHEST,12,NA,NA,NA,N,,,UNSAFE SPEED,NA,NA,NORTH,Y,1,0,0,0,0,1,0
15187101,1,MOTOR VEHICLE,N,Y,TX,JS1GR7LA692104098,NA,BLK,SUZUKI,NA,MOTORCYCLE,N,78521,1,PROOF OF LIABILITY INSURANCE,"MOTORCYCLE, SCOOTER, MOPED, ETC. ONLY",DAMAGED 1 MINIMUM,12,NA,NA,NA,N,PENA'S WRECKER,195 N IOWA,UNDER INFLUENCE - ALCOHOL,NA,NA,NORTHEAST,Y,0,0,1,0,0,1,0