CRASH_ID,UNIT_NBR,UNIT_DESC_ID,VEH_PARKED_FL,VEH_HNR_FL,VEH_LIC_STATE_ID,VIN,VEH_MOD_YEAR,VEH_COLOR_ID,VEH_MAKE_ID,VEH_MOD_ID,VEH_BODY_STYL_ID,EMER_RESPNDR_FL,OWNR_ZIP,FIN_RESP_PROOF_ID,FIN_RESP_TYPE_ID,VEH_DMAG_AREA_1_ID,VEH_DMAG_SCL_1_ID,FORCE_DIR_1_ID,VEH_DMAG_AREA_2_ID,VEH_DMAG_SCL_2_ID,FORCE_DIR_2_ID,VEH_INVENTORIED_FL,VEH_TRANSP_NAME,VEH_TRANSP_DEST,CONTRIB_FACTR_1_ID,CONTRIB_FACTR_2_ID,CONTRIB_FACTR_P1_ID,VEH_TRVL_DIR_ID,FIRST_HARM_EVT_INV_ID,INCAP_INJRY_CNT,NONINCAP_INJRY_CNT,POSS_INJRY_CNT,NON_INJRY_CNT,UNKN_INJRY_CNT,TOT_INJRY_CNT,DEATH_CNT
15191566,2,MOTOR VEHICLE,N,N,TX,JS1GN7CA742110111,2004,WHI,SUZUKI,UNKNOWN,MOTORCYCLE,N,76248,1,PROOF OF LIABILITY INSURANCE,"MOTORCYCLE, SCOOTER, MOPED, ETC. ONLY",DAMAGED 1 MINIMUM,NA,NA,NA,NA,N,SIGNATURE TOWING OF TEXAS,"1204 MUNICIPAL AVE., PLANO TX",SPEEDING - (OVERLIMIT),UNDER INFLUENCE - DRUG,NA,NORTH,Y,0,0,0,0,0,0,1
15181129,1,MOTOR VEHICLE,N,N,TX,RLHKF1800FY000575,NA,BLK,HONDA,UNKNOWN,MOTORCYCLE,N,77662,1,PROOF OF LIABILITY INSURANCE,"MOTORCYCLE, SCOOTER, MOPED, ETC. ONLY",DAMAGED 1 MINIMUM,NA,NA,NA,NA,Y,EARNEST KNAPP,"5760 HWY 105 VIDOR, TX 77662",UNDER INFLUENCE - DRUG,FAILED TO DRIVE IN SINGLE LANE,FATIGUED OR ASLEEP,WEST,Y,0,1,0,0,0,1,0
15198573,2,MOTOR VEHICLE,N,N,TX,1HD1CGP174K417188,2004,BLK,HARLEY-DAVIDSON,NA,MOTORCYCLE,N,77026,2,NA,DISTRIBUTED RIGHT SIDE DAMAGE PARALLEL IMPACT,DAMAGED 3,3,NA,NA,NA,N,LAWRENCE WRECKER SERVICE 281-331-5022,"4511 CR 418, ROSHARON, TX, 77583",NONE,NA,NA,WEST,Y,0,1,0,0,0,1,0
15161097,1,MOTOR VEHICLE,N,N,TX,1HFSC18005A901676,2005,RED,HONDA,UNKNOWN,MOTORCYCLE,N,77651,1,PROOF OF LIABILITY INSURANCE,"MOTORCYCLE, SCOOTER, MOPED, ETC. ONLY",DAMAGED 1 MINIMUM,12,NA,NA,NA,N,K & K TOWING,WRECKER YARD,OTHER (EXPLAIN IN NARRATIVE),NA,FAILED TO CONTROL SPEED,SOUTH,Y,0,1,0,0,0,1,0
15213996,1,MOTOR VEHICLE,N,N,TX,1HD1KGM11BB661875,NA,BLK,HARLEY-DAVIDSON,NA,MOTORCYCLE,N,77316,1,PROOF OF LIABILITY INSURANCE,DISTRIBUTED RIGHT SIDE DAMAGE PARALLEL IMPACT,DAMAGED 1 MINIMUM,12,DISTRIBUTED LEFT SIDE DAMAGE PARALLEL IMPACT,DAMAGED 1 MINIMUM,9,Y,"MILSTEAD TO0WING, 281-367-3535","2416 N. FRAZIER ST, COROE, TX 77303",UNSAFE SPEED,NA,NA,SOUTH,Y,1,0,0,0,0,1,0
15227142,1,MOTOR VEHICLE,N,N,TX,,NA,WHI,YAMAHA,NA,MOTORCYCLE,N,78418,2,NA,"MOTORCYCLE, SCOOTER, MOPED, ETC. ONLY",DAMAGED 1 MINIMUM,3,"MOTORCYCLE, SCOOTER, MOPED, ETC. ONLY",DAMAGED 1 MINIMUM,3,N,APOLLO TOWING COMPANY,6342 HARWICK STREET CORPUS CHRISTI TX 78,OTHER (EXPLAIN IN NARRATIVE),NA,UNSAFE SPEED,WEST,Y,1,0,0,0,0,1,0
15245674,2,MOTOR VEHICLE,N,N,TX,JYHVM01E73A059092,2003,WHI,YAMAHA,UNKNOWN,MOTORCYCLE,N,79835,1,PROOF OF LIABILITY INSURANCE,RIGHT BACK QUARTER DAMAGE ANGULAR IMPACT,DAMAGED 2,5,NA,NA,NA,N,DRIVER,OFF ROADWAY,NONE,NA,NA,NORTH,Y,0,1,0,1,0,1,0
15234435,1,MOTOR VEHICLE,N,N,TX,1HD1CZ3139K429220,NA,BLK,HARLEY-DAVIDSON,NA,MOTORCYCLE,N,75503,1,PROOF OF LIABILITY INSURANCE,LEFT SIDE DAMAGE ANGULAR IMPACT,DAMAGED 2,9,BACK END DAMAGE CONCENTRATED IMPACT,DAMAGED 2,6,N,BUBBA GREEN'S TOWING,415 S. LAKE DR.,FAILED TO CONTROL SPEED,NA,NA,WEST,Y,0,0,1,0,0,1,0
15251167,1,MOTOR VEHICLE,N,N,TX,1HFSC55065A100343,2005,BLU,HONDA,NA,MOTORCYCLE,N,75249,1,PROOF OF LIABILITY INSURANCE,RIGHT SIDE AND TOP DAMAGE ROLLOVER EFFECTS,DAMAGED 2,3,NA,NA,NA,N,WYATTS TOWING,"1123 W. INDUSTRIAL SULPHUR SPRINGS, TX",UNSAFE SPEED,OTHER (EXPLAIN IN NARRATIVE),NA,SOUTHEAST,Y,0,1,0,0,0,1,0
15228959,2,MOTOR VEHICLE,N,N,TX,1HD1JA5117Y038579,2007,BLU,HARLEY-DAVIDSON,NA,MOTORCYCLE,N,76692,1,LIABILITY INSURANCE POLICY,FRONT END DAMAGE DISTRIBUTED IMPACT,DAMAGED 3,12,NA,NA,NA,N,LONESTAR,,NONE,NA,NA,NORTH,Y,1,0,0,0,0,1,0
15287822,1,MOTOR VEHICLE,N,N,TX,JH2PF0146BK800038,NA,BLK,HONDA,NA,MOTORCYCLE,N,78238,1,PROOF OF LIABILITY INSURANCE,DISTRIBUTED LEFT SIDE DAMAGE PARALLEL IMPACT,DAMAGED 2,9,NA,NA,NA,N,,,NONE,NA,NA,EAST,Y,0,0,0,1,0,0,0
15236564,2,MOTOR VEHICLE,N,N,TX,19ZSS21A0WR001302,1998,BLK,HARLEY-DAVIDSON,NA,MOTORCYCLE,N,79935,1,PROOF OF LIABILITY INSURANCE,LEFT SIDE DAMAGE ANGULAR IMPACT,DAMAGED 5,9,RIGHT BACK QUARTER DAMAGE ANGULAR IMPACT,DAMAGED 5,4,Y,AD WRECKER,11615 RAILROAD,NONE,NA,NA,NORTH,Y,0,0,0,0,0,0,1
15266801,1,MOTOR VEHICLE,N,N,TX,1HD4CR218BC444939,NA,NA,HARLEY-DAVIDSON,NA,MOTORCYCLE,N,78745,2,NA,FRONT END DAMAGE DISTRIBUTED IMPACT,DAMAGED 4,12,NA,NA,NA,N,HARPERS TOWING SERVICE INC,HARPERS TOWING SERVICE INC,NONE,NA,NA,WEST,Y,0,0,0,1,0,0,0
15304625,2,MOTOR VEHICLE,N,N,TX,1HD1LC313GC434387,NA,BLK,HARLEY-DAVIDSON,NA,MOTORCYCLE,N,77656,1,PROOF OF LIABILITY INSURANCE,DISTRIBUTED RIGHT SIDE DAMAGE PARALLEL IMPACT,DAMAGED 1 MINIMUM,3,NA,NA,NA,N,SELF,DRIVEN AWAY,NONE,NA,NA,SOUTH,Y,0,1,0,0,0,1,0
15254690,1,MOTOR VEHICLE,N,N,TX,1HD4CJM161K116101,2001,YEL,HARLEY-DAVIDSON,UNKNOWN,MOTORCYCLE,N,75497,1,PROOF OF LIABILITY INSURANCE,RIGHT FRONT QUARTER DAMAGE ANGULAR IMPACT,DAMAGED 1 MINIMUM,2,NA,NA,NA,N,RODNEY ELLIS 903-714-6473,444 CR 1895 YANTIS TX,UNSAFE SPEED,NA,NA,SOUTHEAST,Y,0,1,0,0,0,1,0
15226505,1,MOTOR VEHICLE,N,N,TX,JH2PC40087M000478,2007,WHI,HONDA,NA,MOTORCYCLE,N,75935,1,PROOF OF LIABILITY INSURANCE,FRONT END (RIGHT)  DAMAGE PARTIAL CONTACT,DAMAGED 2,1,NA,NA,NA,N,,,UNSAFE SPEED,OTHER (EXPLAIN IN NARRATIVE),NA,SOUTHWEST,Y,0,0,1,0,0,1,0
15234755,1,MOTOR VEHICLE,N,N,NA,JHFSC46E76A402861,2006,GRY,HONDA,UNKNOWN,MOTORCYCLE,N,76240,1,PROOF OF LIABILITY INSURANCE,"MOTORCYCLE, SCOOTER, MOPED, ETC. ONLY",DAMAGED 1 MINIMUM,NA,NA,NA,NA,N,GILBERT'S WRECKER SVC - U.S. 82,GILBERT'S STORAGE FACILITY - GAINESVILLE,UNSAFE SPEED,NA,HAD BEEN DRINKING,NORTH,Y,1,0,0,0,0,1,0
15229398,3,MOTOR VEHICLE,N,N,TX,JYAVP11E27A094531,2007,GRY,YAMAHA,NA,MOTORCYCLE,N,76010,1,PROOF OF LIABILITY INSURANCE,"MOTORCYCLE, SCOOTER, MOPED, ETC. ONLY",DAMAGED 1 MINIMUM,6,NA,NA,NA,N,DRIVER,RELEASED,NONE,NA,NA,SOUTHEAST,N,0,0,0,1,0,0,0
15349329,2,MOTOR VEHICLE,N,N,TX,5VPXB36N5E3031121,NA,RED,VICTORY,NA,MOTORCYCLE,N,77450,1,PROOF OF LIABILITY INSURANCE,BACK END DAMAGE CONCENTRATED IMPACT,DAMAGED 2,6,BACK END DAMAGE DISTRIBUTED IMPACT,DAMAGED 2,6,N,GOLBOW'S WRECKER,"22423 LOST CREEK RD. KATY, TX 77450",NONE,NA,NA,SOUTH,Y,0,0,0,1,0,0,0
15297174,1,MOTOR VEHICLE,N,N,TX,L5YACBPAXF1129123,NA,BLU,OTHER (EXPLAIN IN NARRATIVE),OTHER (EXPLAIN IN NARRATIVE),MOTORCYCLE,N,77840,1,LIABILITY INSURANCE POLICY,FRONT END DAMAGE DISTRIBUTED IMPACT,DAMAGED 3,12,LEFT BACK QUARTER DAMAGE ANGULAR IMPACT,DAMAGED 3,5,N,EXCEL,"1804 FINFEATHER, BRYAN",FAILED TO YIELD ROW - STOP SIGN,NA,NA,WEST,Y,0,1,0,0,0,1,0
15244233,2,MOTOR VEHICLE,N,N,TX,1HD4LE219FC417392,NA,SIL,HARLEY-DAVIDSON,UNKNOWN,MOTORCYCLE,N,,1,PROOF OF LIABILITY INSURANCE,FRONT END DAMAGE DISTRIBUTED IMPACT,DAMAGED 1 MINIMUM,10,DISTRIBUTED LEFT SIDE DAMAGE PARALLEL IMPACT,DAMAGED 1 MINIMUM,7,N,DRIVER,TOWED AWAY BY OWNER,NONE,NA,NA,NORTH,Y,0,0,1,0,0,1,0
15250758,2,MOTOR VEHICLE,N,N,TX,1HD1GXM1XFC318595,NA,BLK,HARLEY-DAVIDSON,UNKNOWN,MOTORCYCLE,N,78539,1,PROOF OF LIABILITY INSURANCE,"MOTORCYCLE, SCOOTER, MOPED, ETC. ONLY",DAMAGED 1 MINIMUM,NA,NA,NA,NA,Y,LUNA'S WRECKER SERVICE,"1601 N. BICENTENNIAL BLVD IN MCALLEN, TX",NONE,NA,NA,NORTH,Y,1,0,0,0,0,1,0
15263063,3,MOTOR VEHICLE,Y,N,TX,1FTYR14EX1PA99665,2001,GRN,FORD,RANGER,POLICE MOTORCYCLE,N,79070,1,PROOF OF LIABILITY INSURANCE,FRONT END DAMAGE CONCENTRATED IMPACT,DAMAGED 1 MINIMUM,12,NA,NA,NA,N,,LEFT AT SCENE,NONE,NA,NA,SOUTH,N,0,0,0,0,0,0,0
15258469,2,MOTOR VEHICLE,N,N,TX,JH2PC2102VM800659,1997,BLK,HONDA,UNKNOWN,MOTORCYCLE,N,79763,1,PROOF OF LIABILITY INSURANCE,"MOTORCYCLE, SCOOTER, MOPED, ETC. ONLY",DAMAGED 1 MINIMUM,6,NA,NA,NA,N,,,NONE,NA,NA,WEST,Y,0,0,0,1,0,0,0
15260322,2,MOTOR VEHICLE,Y,N,TX,GS750E25843,1978,MAR,SUZUKI,NA,MOTORCYCLE,N,,NA,NA,RIGHT BACK QUARTER DAMAGE ANGULAR IMPACT,DAMAGED 1 MINIMUM,4,LEFT FRONT QUARTER DAMAGE ANGULAR IMPACT,DAMAGED 1 MINIMUM,9,N,,,NONE,NA,NA,NORTH,Y,0,0,0,0,0,0,0
15247031,1,MOTOR VEHICLE,N,N,TX,1HD4CEM191K153487,2001,BLK,HARLEY-DAVIDSON,UNKNOWN,MOTORCYCLE,N,77327,1,PROOF OF LIABILITY INSURANCE,"MOTORCYCLE, SCOOTER, MOPED, ETC. ONLY",DAMAGED 1 MINIMUM,NA,NA,NA,NA,Y,EAST TEXAS TOWING 936-628-3206,"10598 SH 150, SHEPHERD, TX 77371",UNDER INFLUENCE - ALCOHOL,FAILED TO DRIVE IN SINGLE LANE,NA,EAST,Y,1,0,0,0,0,1,0
15264186,1,MOTOR VEHICLE,N,N,TX,1HD1CGP185K417766,2005,BLU,HARLEY-DAVIDSON,NA,MOTORCYCLE,N,76240,1,PROOF OF LIABILITY INSURANCE,"MOTORCYCLE, SCOOTER, MOPED, ETC. ONLY",DAMAGED 1 MINIMUM,12,NA,NA,NA,Y,KEMP''S TOWING  940-627-3347,"171 FM 2264, DECATUR 76234",UNSAFE SPEED,FAILED TO DRIVE IN SINGLE LANE,NA,SOUTHEAST,Y,1,0,0,0,0,1,0
15228285,1,MOTOR VEHICLE,N,N,TX,1HD1FYW186Y608326,2006,BLU,HARLEY-DAVIDSON,UNKNOWN,MOTORCYCLE,N,76006,1,PROOF OF LIABILITY INSURANCE,"MOTORCYCLE, SCOOTER, MOPED, ETC. ONLY",DAMAGED 1 MINIMUM,NA,NA,NA,NA,N,KELLY MCKNIGHT WRECKER 817-265-1336,"1108  HARRISON AVE, ARLINGTON, TX, 76011",FOLLOWED TOO CLOSELY,NA,DRIVER INATTENTION,NORTH,Y,0,0,0,1,0,0,0
15225183,1,MOTOR VEHICLE,N,N,TX,1HFSC3206TA100008,1996,RED,HONDA,UNKNOWN,MOTORCYCLE,N,76470,1,PROOF OF LIABILITY INSURANCE,"MOTORCYCLE, SCOOTER, MOPED, ETC. ONLY",DAMAGED 1 MINIMUM,NA,NA,NA,NA,N,AA WRECKER,5709 B DENTON HIGHWAY,UNDER INFLUENCE - ALCOHOL,UNSAFE SPEED,NA,EAST,Y,1,0,0,0,0,1,0
15263040,1,MOTOR VEHICLE,N,N,TX,JKAKZBL13DA000891,1983,PLE,KAWASAKI,UNKNOWN,MOTORCYCLE,N,79013,1,LIABILITY INSURANCE POLICY,RIGHT SIDE DAMAGE ANGULAR IMPACT,DAMAGED 2,3,NA,NA,NA,N,OWNER,DRIVEN AWAY,ANIMAL ON ROAD- DOMESTIC,NA,NA,EAST,Y,0,1,0,0,0,1,0
15216860,2,MOTOR VEHICLE,N,N,OK,1HD1BX5197Y054948,2007,SIL,HARLEY-DAVIDSON,UNKNOWN,MOTORCYCLE,N,74726,1,PROOF OF LIABILITY INSURANCE,FRONT END DAMAGE DISTRIBUTED IMPACT,DAMAGED 3,NA,NA,NA,NA,N,,,DRIVER INATTENTION,FAILED TO CONTROL SPEED,NA,EAST,N,0,0,1,0,0,1,0
15224671,1,MOTOR VEHICLE,N,N,TX,1HD1FVW106Y601885,2006,BLK,HARLEY-DAVIDSON,NA,MOTORCYCLE,N,75201,1,PROOF OF LIABILITY INSURANCE,"MOTORCYCLE, SCOOTER, MOPED, ETC. ONLY",DAMAGED 1 MINIMUM,12,NA,NA,NA,,CONTRACT WRECKER,"1955 VILBIG, DALLAS, TEXAS",SPEEDING - (OVERLIMIT),NA,HAD BEEN DRINKING,SOUTHWEST,Y,0,0,1,0,0,1,0
15240677,1,MOTOR VEHICLE,N,N,TX,JKAEXEE15CDA02014,NA,BLK,KAWASAKI,NA,MOTORCYCLE,N,78201,1,LIABILITY INSURANCE POLICY,LEFT SIDE DAMAGE ANGULAR IMPACT,DAMAGED 3,9,RIGHT SIDE DAMAGE ANGULAR IMPACT,DAMAGED 2,3,N,DRIVEN HOME,DRIVER 1,NONE,NA,NA,EAST,Y,0,0,1,0,0,1,0
15245906,2,MOTOR VEHICLE,N,N,TX,1HD1GX419DC321145,NA,BLK,HARLEY-DAVIDSON,UNKNOWN,MOTORCYCLE,N,75751,1,PROOF OF LIABILITY INSURANCE,FRONT END DAMAGE DISTRIBUTED IMPACT,DAMAGED 1 MINIMUM,12,NA,NA,NA,N,ATHENS WRECKER,711 N. PROAIRIEVILLE STREET ATHENS TEXAS,NONE,NA,NA,WEST,Y,0,1,0,0,0,1,0
15242539,1,MOTOR VEHICLE,N,N,TX,5VPTB16D943001337,2004,MUL,VICTORY,UNKNOWN,MOTORCYCLE,N,75009,1,PROOF OF LIABILITY INSURANCE,"MOTORCYCLE, SCOOTER, MOPED, ETC. ONLY",DAMAGED 1 MINIMUM,NA,NA,NA,NA,Y,POLANSKY'S WRECKER,"309 EAST OAK ST, WEST TX 76691",UNDER INFLUENCE - ALCOHOL,CHANGED LANE WHEN UNSAFE,NA,NORTH,Y,0,1,0,0,0,1,0
15234838,1,MOTOR VEHICLE,N,N,TX,1HD1KTM16FB605574,NA,ONG,HARLEY-DAVIDSON,NA,MOTORCYCLE,N,77067,1,LIABILITY INSURANCE POLICY,"MOTORCYCLE, SCOOTER, MOPED, ETC. ONLY",DAMAGED 1 MINIMUM,12,NA,NA,NA,N,,,FAILED TO CONTROL SPEED,NA,NA,WEST,Y,0,0,0,1,0,0,0
15261577,2,MOTOR VEHICLE,N,N,TX,1HD1GEL17VY322952,1997,GRN,HARLEY-DAVIDSON,NA,MOTORCYCLE,N,78669,1,PROOF OF LIABILITY INSURANCE,"MOTORCYCLE, SCOOTER, MOPED, ETC. ONLY",DAMAGED 1 MINIMUM,NA,NA,NA,NA,Y,WIMBERLEY TOWING,"12 ELMBROOK DR, WIMBERLEY, TX 78676",NONE,NA,NA,NORTHWEST,Y,0,1,0,0,0,1,0
15238746,2,MOTOR VEHICLE,N,N,MN,MLHMD3813D5000892,NA,WHI,HONDA,NA,MOTORCYCLE,N,78703,1,LIABILITY INSURANCE POLICY,FRONT END DAMAGE DISTRIBUTED IMPACT,DAMAGED 2,12,NA,NA,NA,Y,AVILES & GABES WRECKER SERVICE INC.,AVILES & GABES WRECKER SERVICE INC.,NONE,NA,NA,NORTHWEST,Y,0,0,1,0,0,1,0
15241352,1,MOTOR VEHICLE,N,N,TX,JS1GW71A262113436,2006,RED,SUZUKI,NA,MOTORCYCLE,N,78239,2,NA,"MOTORCYCLE, SCOOTER, MOPED, ETC. ONLY",DAMAGED 1 MINIMUM,9,FRONT END DAMAGE DISTRIBUTED IMPACT,DAMAGED 1 MINIMUM,12,Y,RICHARDS TOWING,GROWDON POUND,DRIVER INATTENTION,FOLLOWED TOO CLOSELY,NA,SOUTHEAST,Y,0,0,1,0,0,1,0
15254390,2,MOTOR VEHICLE,N,N,TX,JKAEX8A19EA004549,NA,GRN,KAWASAKI,NA,MOTORCYCLE,N,77705,1,PROOF OF LIABILITY INSURANCE,FRONT END DAMAGE DISTRIBUTED IMPACT,DAMAGED 1 MINIMUM,1,NA,NA,NA,N,DRIVER,RESIDENCE,NONE,NA,NA,SOUTHWEST,Y,0,0,0,1,0,0,0
15276810,1,MOTOR VEHICLE,N,N,TX,1HD1GP1116K325199,2006,WHI,HARLEY-DAVIDSON,NA,MOTORCYCLE,N,79415,1,PROOF OF LIABILITY INSURANCE,"MOTORCYCLE, SCOOTER, MOPED, ETC. ONLY",DAMAGED 1 MINIMUM,12,NA,NA,NA,N,JOSE LUIS PENA,"1821 CR 7500, LUBBOCK, TX",UNDER INFLUENCE - ALCOHOL,UNDER INFLUENCE - DRUG,NA,SOUTH,Y,1,0,0,0,0,1,0
15283078,1,MOTOR VEHICLE,N,N,TX,JS1VX51L2R2100801,1994,MAR,SUZUKI,UNKNOWN,MOTORCYCLE,N,77488,2,NA,BACK END (RIGHT) DAMAGE PARTIAL CONTACT,DAMAGED 2,5,FRONT END (LEFT) DAMAGE PARTIAL CONTACT,DAMAGED 2,2,N,ROBERTS RAPID RESPONSE,317 A N RICHMOND RD,FAILED TO YIELD ROW - TURNING LEFT,NA,NA,SOUTH,Y,0,1,0,0,0,1,0
15270567,1,MOTOR VEHICLE,N,N,MX,KAEX8A12EA0086222,NA,GRN,KAWASAKI,NA,MOTORCYCLE,N,79912,2,NA,FRONT END DAMAGE DISTRIBUTED IMPACT,DAMAGED 2,1,NA,NA,NA,N,DRIVER,LEFT LEGALLY PARKED,NONE,NA,NA,WEST,Y,0,0,0,1,0,0,0
15229305,2,MOTOR VEHICLE,N,N,TX,JS1VP53AX42103675,2004,YEL,SUZUKI,NA,MOTORCYCLE,N,75455,1,PROOF OF LIABILITY INSURANCE,FRONT END DAMAGE DISTRIBUTED IMPACT,DAMAGED 4,12,NA,NA,NA,N,DICKIE MORROW WRECKER,610 E 16TH ST,SPEEDING - (OVERLIMIT),NA,NA,NORTH,Y,0,1,0,0,0,1,0
15262131,1,MOTOR VEHICLE,N,N,TX,1HD1FHW1X3Y701392,2003,BLK,HARLEY-DAVIDSON,NA,MOTORCYCLE,N,78006,1,PROOF OF LIABILITY INSURANCE,"MOTORCYCLE, SCOOTER, MOPED, ETC. ONLY",DAMAGED 1 MINIMUM,NA,NA,NA,NA,Y,K. W. WRECKER SERVICE  830-981-5120,"918 ADLER  BOERNE, TEXAS 78006",UNDER INFLUENCE - ALCOHOL,UNSAFE SPEED,NA,NORTHWEST,Y,0,1,0,0,0,1,0
15273253,2,MOTOR VEHICLE,N,N,TX,1HD1FCW115Y606340,2005,MUL,HARLEY-DAVIDSON,NA,MOTORCYCLE,Y,78155,1,LIABILITY INSURANCE POLICY,LEFT SIDE DAMAGE ANGULAR IMPACT,DAMAGED 6,9,NA,NA,NA,N,D&T TOWING,"1915 NORTH MAGNOLIA AVE LULING, TX 78648",NONE,NA,NA,EAST,Y,1,0,0,0,0,1,0
15269678,2,MOTOR VEHICLE,N,N,TX,1HD1FCM19EB622887,NA,BLK,HARLEY-DAVIDSON,NA,MOTORCYCLE,N,79109,1,LIABILITY INSURANCE POLICY,"MOTORCYCLE, SCOOTER, MOPED, ETC. ONLY",DAMAGED 1 MINIMUM,NA,NA,NA,NA,N,SENOR TOWING,"500 S. PARKER, AMA, TX 79106 282-6472",NONE,NA,NA,NORTH,Y,0,0,0,1,0,0,0
15228061,1,MOTOR VEHICLE,N,N,TX,1HD1KGM12BB632479,NA,BLK,HARLEY-DAVIDSON,UNKNOWN,MOTORCYCLE,N,76642,1,PROOF OF LIABILITY INSURANCE,LEFT SIDE AND TOP DAMAGE ROLLOVER EFFECTS,DAMAGED 1 MINIMUM,9,NA,NA,NA,N,SECURED BY FRIEND OF OWNER PER OWNER,AT SCENE,ANIMAL ON ROAD- DOMESTIC,NA,NA,SOUTHEAST,Y,0,0,1,0,0,1,0
15299250,1,MOTOR VEHICLE,N,N,TX,JYAVP24E97A002526,2007,MAR,YAMAHA,NA,MOTORCYCLE,N,76084,1,LIABILITY INSURANCE POLICY,"MOTORCYCLE, SCOOTER, MOPED, ETC. ONLY",DAMAGED 1 MINIMUM,NA,NA,NA,NA,N,D & W TOWING,515 MURRAY ST MIDLOTHIAN TX,FAULTY EVASIVE ACTION,UNDER INFLUENCE - ALCOHOL,NA,SOUTH,Y,0,1,0,0,0,1,0
15252689,1,MOTOR VEHICLE,N,N,TX,1HD1GEL1XWY323823,1998,BLK,HARLEY-DAVIDSON,UNKNOWN,MOTORCYCLE,N,79720,1,LIABILITY INSURANCE POLICY,"MOTORCYCLE, SCOOTER, MOPED, ETC. ONLY",DAMAGED 1 MINIMUM,10,NA,NA,NA,N,,,OTHER (EXPLAIN IN NARRATIVE),NA,NA,WEST,Y,0,1,0,0,0,1,0
15277247,2,MOTOR VEHICLE,N,N,TX,JKAEXEA167A019561,2007,NA,KAWASAKI,NA,MOTORCYCLE,N,78746,1,LIABILITY INSURANCE POLICY,FRONT END DAMAGE DISTRIBUTED IMPACT,DAMAGED 4,12,NA,NA,NA,N,ARMADA,ARMADA,NONE,NA,NA,NORTH,Y,0,1,0,0,0,1,0
15250503,2,MOTOR VEHICLE,N,N,TX,1HD1BWV15EB020418,NA,WHI,HARLEY-DAVIDSON,UNKNOWN,MOTORCYCLE,N,78154,1,PROOF OF LIABILITY INSURANCE,BACK END DAMAGE DISTRIBUTED IMPACT,DAMAGED 7 HIGHEST,6,NA,NA,NA,N,JOHNNY'S WRECKER SERVICE,JOHNNY'S WRECKER YARD,NONE,NA,NA,SOUTH,Y,1,0,0,0,0,1,0
15252022,1,MOTOR VEHICLE,N,N,TX,1HD4CR215BC415964,NA,WHI,HARLEY-DAVIDSON,NA,MOTORCYCLE,N,77511,1,PROOF OF LIABILITY INSURANCE,"MOTORCYCLE, SCOOTER, MOPED, ETC. ONLY",DAMAGED 1 MINIMUM,12,NA,NA,NA,Y,EASTSIDE WRECKER SERVICE,580 DICKINSON RD ALVIN TX 77511,UNDER INFLUENCE - ALCOHOL,NA,NA,WEST,Y,0,1,0,0,0,1,0
15261308,1,MOTOR VEHICLE,N,N,OR,1HD1BXB433Y041539,2003,BLK,HARLEY-DAVIDSON,UNKNOWN,MOTORCYCLE,N,97103,1,LIABILITY INSURANCE POLICY,RIGHT SIDE DAMAGE ANGULAR IMPACT,DAMAGED 2,3,NA,NA,NA,N,,,UNSAFE SPEED,NA,NA,NORTH,Y,1,0,0,0,0,1,0
15236082,1,MOTOR VEHICLE,N,N,TX,1HD1CV3158K460010,NA,RED,HARLEY-DAVIDSON,UNKNOWN,MOTORCYCLE,N,77429,1,PROOF OF LIABILITY INSURANCE,FRONT END DAMAGE DISTRIBUTED IMPACT,DAMAGED 2,12,DISTRIBUTED LEFT SIDE DAMAGE PARALLEL IMPACT,DAMAGED 2,11,Y,CSI TOWING,5114 HWY 6N,FAILED TO CONTROL SPEED,NA,NA,NORTHWEST,Y,0,1,0,0,0,1,0
15243475,3,MOTOR VEHICLE,N,N,TX,JS1GX72B7D2101851,NA,YEL,SUZUKI,NA,MOTORCYCLE,N,77050,1,PROOF OF LIABILITY INSURANCE,"MOTORCYCLE, SCOOTER, MOPED, ETC. ONLY",DAMAGED 1 MINIMUM,NA,NA,NA,NA,N,RS TOWING,11360 EASTEX FRWY,NONE,NA,NA,EAST,N,1,0,0,0,0,1,0
15253750,1,MOTOR VEHICLE,N,N,TX,1HD1KRM16FB611586,NA,BLK,HARLEY-DAVIDSON,NA,MOTORCYCLE,N,77627,1,PROOF OF LIABILITY INSURANCE,FRONT END DAMAGE DISTRIBUTED IMPACT,DAMAGED 2,12,NA,NA,NA,N,SAVANT'S TOWING 409-729-2639,"2299 N TWING CITY HWY, NEDERLAND TX, 776",FAILED TO DRIVE IN SINGLE LANE,NA,UNSAFE SPEED,SOUTHWEST,Y,0,0,1,0,0,1,0