CRASH_ID,UNIT_NBR,UNIT_DESC_ID,VEH_PARKED_FL,VEH_HNR_FL,VEH_LIC_STATE_ID,VIN,VEH_MOD_YEAR,VEH_COLOR_ID,VEH_MAKE_ID,VEH_MOD_ID,VEH_BODY_STYL_ID,EMER_RESPNDR_FL,OWNR_ZIP,FIN_RESP_PROOF_ID,FIN_RESP_TYPE_ID,VEH_DMAG_AREA_1_ID,VEH_DMAG_SCL_1_ID,FORCE_DIR_1_ID,VEH_DMAG_AREA_2_ID,VEH_DMAG_SCL_2_ID,FORCE_DIR_2_ID,VEH_INVENTORIED_FL,VEH_TRANSP_NAME,VEH_TRANSP_DEST,CONTRIB_FACTR_1_ID,CONTRIB_FACTR_2_ID,CONTRIB_FACTR_P1_ID,VEH_TRVL_DIR_ID,FIRST_HARM_EVT_INV_ID,INCAP_INJRY_CNT,NONINCAP_INJRY_CNT,POSS_INJRY_CNT,NON_INJRY_CNT,UNKN_INJRY_CNT,TOT_INJRY_CNT,DEATH_CNT
15298226,2,MOTOR VEHICLE,N,N,TX,JH2SC3509YM300609,2000,GRY,HONDA,NA,MOTORCYCLE,N,75056,1,PROOF OF LIABILITY INSURANCE,"MOTORCYCLE, SCOOTER, MOPED, ETC. ONLY",DAMAGED 1 MINIMUM,NA,NA,NA,NA,Y,JORDAN TOWING,"601 DIGITAL, PLANO, TX 75075",FAILED TO CONTROL SPEED,UNDER INFLUENCE - ALCOHOL,NA,NORTH,Y,1,0,0,0,0,1,0
15261577,1,MOTOR VEHICLE,N,N,TX,1HD1BSY151Y035352,2001,ONG,HARLEY-DAVIDSON,NA,MOTORCYCLE,N,78676,1,PROOF OF LIABILITY INSURANCE,"MOTORCYCLE, SCOOTER, MOPED, ETC. ONLY",DAMAGED 1 MINIMUM,NA,NA,NA,NA,Y,WIMBERLEY TOWING,"12 ELMBROOK DR, WIMBERLEY, TX 78676",UNDER INFLUENCE - ALCOHOL,FAILED TO CONTROL SPEED,NA,NORTHWEST,Y,1,0,0,0,0,1,0
15217990,2,MOTOR VEHICLE,N,N,NM,JKAZX4P147A011588,2007,GRY,KAWASAKI,NA,MOTORCYCLE,N,79936,2,NA,"MOTORCYCLE, SCOOTER, MOPED, ETC. ONLY",DAMAGED 1 MINIMUM,12,NA,NA,NA,,DEPENDABLE,11615 RAILROAD,NONE,NA,NA,WEST,Y,0,0,0,0,0,0,1
15233682,1,MOTOR VEHICLE,N,N,TX,JH2RC210XFM106568,1985,BLK,HONDA,UNKNOWN,MOTORCYCLE,N,76053,1,LIABILITY INSURANCE POLICY,"MOTORCYCLE, SCOOTER, MOPED, ETC. ONLY",DAMAGED 1 MINIMUM,1,NA,NA,NA,N,DF GONZALEZ,8906 MINES RD,FAILED TO CONTROL SPEED,NA,NA,SOUTH,Y,0,1,0,0,0,1,0
15267141,1,MOTOR VEHICLE,N,N,TX,JYAVP11E65A064154,2005,BLK,YAMAHA,NA,MOTORCYCLE,N,77546,1,PROOF OF LIABILITY INSURANCE,"MOTORCYCLE, SCOOTER, MOPED, ETC. ONLY",DAMAGED 1 MINIMUM,1,NA,NA,NA,N,LIGGIOS,GALVESTON SO,HAD BEEN DRINKING,FAILED TO CONTROL SPEED,NA,SOUTH,Y,0,1,0,0,0,1,0
15230887,3,MOTOR VEHICLE,N,N,TX,1HD1FCM11CB621228,NA,BLK,SUZUKI,NA,MOTORCYCLE,N,77088,2,NA,"MOTORCYCLE, SCOOTER, MOPED, ETC. ONLY",DAMAGED 1 MINIMUM,NA,NA,NA,NA,N,INFINITY TOWING SVC,8210 PINEMONT,NONE,NA,NA,NORTH,N,1,0,0,0,0,1,0
15273143,1,MOTOR VEHICLE,N,N,TX,JKAZXCE109A024371,NA,BLK,KAWASAKI,NA,MOTORCYCLE,N,77024,2,NA,"MOTORCYCLE, SCOOTER, MOPED, ETC. ONLY",DAMAGED 1 MINIMUM,NA,NA,NA,NA,N,TEEL MALACARA,8310 E HARDY HOUSTON TX,NONE,NA,NA,NORTH,Y,1,0,0,0,0,1,0
15247926,1,MOTOR VEHICLE,N,N,TX,JKBZXJB124A030752,2004,BLK,KAWASAKI,NA,MOTORCYCLE,N,79601,1,PROOF OF LIABILITY INSURANCE,"MOTORCYCLE, SCOOTER, MOPED, ETC. ONLY",DAMAGED 1 MINIMUM,NA,NA,NA,NA,N,RELEASED TO OWNER,NOT TOWED,FAILED TO CONTROL SPEED,NA,NA,WEST,Y,0,1,0,0,0,1,0
15226469,1,MOTOR VEHICLE,N,N,WA,JS1GT77A772114261,2007,YEL,SUZUKI,NA,MOTORCYCLE,N,98433,2,NA,FRONT END DAMAGE DISTRIBUTED IMPACT,DAMAGED 7 HIGHEST,12,NA,NA,NA,N,PLATINUM TOWING,PLATINUM TOWING,FAILED TO CONTROL SPEED,NA,HAD BEEN DRINKING,SOUTH,Y,0,0,0,0,0,0,1
15238743,2,MOTOR VEHICLE,N,N,TX,JS1GP71L6C2106953,1982,99,SUZUKI,UNKNOWN,MOTORCYCLE,N,77084,2,NA,FRONT END DAMAGE DISTRIBUTED IMPACT,DAMAGED 4,12,NA,NA,NA,Y,AZLE TOWING,"12101 JACKSBORO HWY, AZLE TX 76020",FAULTY EVASIVE ACTION,NA,NA,NORTH,Y,0,0,0,0,0,0,1
15242170,1,MOTOR VEHICLE,N,N,TX,1HD1KB414BB650646,NA,MAR,HARLEY-DAVIDSON,NA,MOTORCYCLE,N,77047,1,PROOF OF LIABILITY INSURANCE,FRONT END (LEFT) DAMAGE PARTIAL CONTACT,DAMAGED 3,11,LEFT SIDE DAMAGE ANGULAR IMPACT,DAMAGED 2,9,N,NOT TOWED,,FOLLOWED TOO CLOSELY,FAULTY EVASIVE ACTION,NA,NORTHEAST,Y,0,1,0,0,0,1,0
15258630,2,MOTOR VEHICLE,N,N,TX,1HD1GP414AC302207,NA,BLK,HARLEY-DAVIDSON,UNKNOWN,MOTORCYCLE,N,79007,2,NA,"MOTORCYCLE, SCOOTER, MOPED, ETC. ONLY",DAMAGED 1 MINIMUM,12,NA,NA,NA,Y,ACE WRECKER,ACE WRECKER,NONE,NA,NA,WEST,Y,1,0,0,0,0,1,0
15290767,2,MOTOR VEHICLE,N,N,TX,1HD1BWB124Y068278,2004,GRN,HARLEY-DAVIDSON,UNKNOWN,MOTORCYCLE,N,77371,1,LIABILITY INSURANCE POLICY,"MOTORCYCLE, SCOOTER, MOPED, ETC. ONLY",DAMAGED 1 MINIMUM,1,NA,NA,NA,N,DRIVEN AWAY,DRIVEN AWAY,NONE,NA,NA,EAST,N,0,0,1,0,0,1,0
15224429,1,MOTOR VEHICLE,N,N,TX,JYARJ16E59A012046,NA,BLK,YAMAHA,UNKNOWN,MOTORCYCLE,N,78628,2,NA,"MOTORCYCLE, SCOOTER, MOPED, ETC. ONLY",DAMAGED 1 MINIMUM,NA,NA,NA,NA,Y,TIP TOW TOWING,"40101 INDUSTRIAL PARK LN GEORGETOWN, TX",UNSAFE SPEED,UNDER INFLUENCE - ALCOHOL,NA,SOUTHWEST,Y,0,1,0,0,0,1,0
15270266,1,MOTOR VEHICLE,N,N,TX,GL14016336,1978,BLU,HONDA,UNKNOWN,MOTORCYCLE,N,77445,2,NA,FRONT END DAMAGE CONCENTRATED IMPACT,DAMAGED 5,12,FRONT END DAMAGE DISTRIBUTED IMPACT,DAMAGED 5,12,Y,REFLECTION PAINT & BODY,"REFLECTION PAINT & BODY, 2910 WALLER STR",HAD BEEN DRINKING,UNSAFE SPEED,UNDER INFLUENCE - DRUG,WEST,Y,1,0,0,0,0,1,0
15247606,1,MOTOR VEHICLE,N,N,TX,JS1VP52A222102907,2002,SIL,SUZUKI,NA,MOTORCYCLE,N,78232,1,PROOF OF LIABILITY INSURANCE,"MOTORCYCLE, SCOOTER, MOPED, ETC. ONLY",DAMAGED 1 MINIMUM,9,NA,NA,NA,N,RELEASED TO OWNER,RELEASED TO OWNER,FAILED TO CONTROL SPEED,NA,UNSAFE SPEED,WEST,Y,0,1,0,0,0,1,0
15276910,1,MOTOR VEHICLE,N,N,TX,JKAZRBC10XA024987,1999,BLK,KAWASAKI,UNKNOWN,MOTORCYCLE,N,75041,1,PROOF OF LIABILITY INSURANCE,"MOTORCYCLE, SCOOTER, MOPED, ETC. ONLY",DAMAGED 1 MINIMUM,NA,NA,NA,NA,Y,I-45 WRECKER (903.874.8202),"1900 S. BUS 45 CORSICANA, TX  75110",UNSAFE SPEED,HAD BEEN DRINKING,OTHER (EXPLAIN IN NARRATIVE),SOUTH,Y,0,0,1,0,0,1,0
15242754,3,MOTOR VEHICLE,N,N,TX,MLHPC4415D5003353,NA,BLK,HONDA,NA,MOTORCYCLE,N,78602,1,PROOF OF LIABILITY INSURANCE,DISTRIBUTED RIGHT SIDE DAMAGE PARALLEL IMPACT,DAMAGED 2,1,DISTRIBUTED LEFT SIDE DAMAGE PARALLEL IMPACT,DAMAGED 2,11,N,MACEDO,"204 E MCGREGOR DR, MCGREGOR TX 76657",NONE,NA,NA,SOUTH,N,0,0,1,0,0,1,0
15227332,2,MOTOR VEHICLE,N,N,TX,JS1GW71A052110713,2005,GRY,SUZUKI,NA,MOTORCYCLE,N,79601,1,PROOF OF LIABILITY INSURANCE,"MOTORCYCLE, SCOOTER, MOPED, ETC. ONLY",DAMAGED 1 MINIMUM,6,NA,NA,NA,N,SUDDEN IMPACT TOWING,"442 WILLOW ST,, ABILENE, TX",NONE,NA,NA,WEST,Y,0,1,0,0,0,1,0
15218791,2,MOTOR VEHICLE,N,N,TX,1HFSC526X6A308011,2006,BLK,HONDA,NA,MOTORCYCLE,N,75757,1,PROOF OF LIABILITY INSURANCE,"MOTORCYCLE, SCOOTER, MOPED, ETC. ONLY",DAMAGED 1 MINIMUM,NA,NA,NA,NA,Y,CROW TOWING  903-561-2769,"2929 CROW RD; TYLER, TX 75703",NONE,NA,NA,NORTH,Y,1,0,0,0,0,1,0
15270372,2,MOTOR VEHICLE,N,N,TX,1HD1KGM12DB647213,NA,BLU,HARLEY-DAVIDSON,UNKNOWN,MOTORCYCLE,N,75068,1,PROOF OF LIABILITY INSURANCE,FRONT END DAMAGE DISTRIBUTED IMPACT,DAMAGED 3,12,NA,NA,NA,N,MOTOR SPORTS TOWING,"5002 MILLS RD, DENTON, TX, 76208",NONE,NA,NA,NORTH,Y,0,1,0,0,0,1,0
15300277,1,MOTOR VEHICLE,N,N,TX,JH2SC50062M008622,2002,MUL,HONDA,NA,MOTORCYCLE,N,76021,1,LIABILITY INSURANCE POLICY,"MOTORCYCLE, SCOOTER, MOPED, ETC. ONLY",DAMAGED 1 MINIMUM,NA,VEHICLE BURNED,DAMAGED 1 MINIMUM,NA,Y,JOE HILL'S WRECKER SERVICE,"1104 SH 155 S BIG SANDY, TX 75755",SPEEDING - (OVERLIMIT),NA,UNDER INFLUENCE - DRUG,NORTH,Y,1,0,0,0,0,1,0
15251062,1,MOTOR VEHICLE,N,N,TX,JH2AF5814EK200945,NA,BLK,HONDA,NA,MOTORCYCLE,N,78586,1,PROOF OF LIABILITY INSURANCE,"MOTORCYCLE, SCOOTER, MOPED, ETC. ONLY",DAMAGED 1 MINIMUM,9,NA,NA,NA,N,TAKEN BY FAMILY MEMBER,TAKEN BY FAMILY MEMBER,NONE,NA,NA,SOUTH,Y,0,1,0,0,0,1,0
15219650,1,MOTOR VEHICLE,N,N,TX,1HD1CT317GC437941,NA,ONG,HARLEY-DAVIDSON,NA,MOTORCYCLE,N,76574,1,PROOF OF LIABILITY INSURANCE,DISTRIBUTED LEFT SIDE DAMAGE PARALLEL IMPACT,DAMAGED 1 MINIMUM,11,RIGHT SIDE DAMAGE ANGULAR IMPACT,DAMAGED 1 MINIMUM,3,N,NOT TOWED,LEFT ON SCENE,FAILED TO CONTROL SPEED,NA,NA,NORTH,Y,0,1,0,0,0,1,0
15247608,1,MOTOR VEHICLE,N,N,TX,1HD1KGM15BB622321,NA,BLK,HARLEY-DAVIDSON,NA,MOTORCYCLE,N,77356,1,PROOF OF LIABILITY INSURANCE,"MOTORCYCLE, SCOOTER, MOPED, ETC. ONLY",DAMAGED 1 MINIMUM,12,NA,NA,NA,Y,,,DRIVER INATTENTION,FAILED TO HEED WARNING SIGN,NA,SOUTHEAST,Y,0,1,0,0,0,1,0
15299358,1,MOTOR VEHICLE,N,N,TX,1HD1DDV115Y601507,2005,BLK,HARLEY-DAVIDSON,NA,MOTORCYCLE,N,77049,1,PROOF OF LIABILITY INSURANCE,"MOTORCYCLE, SCOOTER, MOPED, ETC. ONLY",DAMAGED 1 MINIMUM,12,"MOTORCYCLE, SCOOTER, MOPED, ETC. ONLY",DAMAGED 1 MINIMUM,3,Y,BY ACCIDENT INC.,"211 AUSTIN ST, RICHMOND,TX. 77469",FAILED TO CONTROL SPEED,HAD BEEN DRINKING,NA,WEST,Y,1,0,0,0,0,1,0
15226183,1,MOTOR VEHICLE,N,N,TX,JYARM06E4FA003688,NA,BLK,YAMAHA,NA,MOTORCYCLE,N,78660,1,PROOF OF LIABILITY INSURANCE,RIGHT FRONT QUARTER DAMAGE ANGULAR IMPACT,DAMAGED 1 MINIMUM,12,DISTRIBUTED LEFT SIDE DAMAGE PARALLEL IMPACT,DAMAGED 4,12,N,OWNER,OWNER,FAILED TO DRIVE IN SINGLE LANE,PASSED ON RIGHT SHOULDER,NA,SOUTH,Y,1,0,0,0,0,1,0
15242521,2,MOTOR VEHICLE,N,N,TX,JKAEXEF11GDA25780,NA,GRY,KAWASAKI,NA,MOTORCYCLE,N,77521,1,PROOF OF LIABILITY INSURANCE,FRONT END DAMAGE CONCENTRATED IMPACT,DAMAGED 3,12,NA,NA,NA,N,MORIN WRECKER SERVICE,"2913 SHAVER, PASADENA",NONE,NA,NA,SOUTH,Y,0,1,0,0,0,1,0
15255249,1,MOTOR VEHICLE,N,N,TX,MLHNC5215F5101706,NA,RED,HONDA,NA,MOTORCYCLE,N,77070,2,NA,"MOTORCYCLE, SCOOTER, MOPED, ETC. ONLY",DAMAGED 1 MINIMUM,NA,NA,NA,NA,N,T BELTS TOWING,6125 INDUSTRIAL WAY,NONE,NA,NA,EAST,Y,0,0,0,1,0,0,0
15236508,2,MOTOR VEHICLE,N,N,TX,1HD1CGP166K407951,2006,BLU,HARLEY-DAVIDSON,NA,MOTORCYCLE,N,76033,1,PROOF OF LIABILITY INSURANCE,"MOTORCYCLE, SCOOTER, MOPED, ETC. ONLY",DAMAGED 1 MINIMUM,NA,NA,NA,NA,N,LAWRENCE WRECKER,"8216 JESSEN ST. LILLIAN, TX 76061",NONE,NA,NA,NORTHWEST,Y,1,0,0,0,0,1,0
15287490,2,MOTOR VEHICLE,N,N,TX,1HD1JD517BB047493,NA,BLK,HARLEY-DAVIDSON,UNKNOWN,MOTORCYCLE,N,76140,1,LIABILITY INSURANCE POLICY,"MOTORCYCLE, SCOOTER, MOPED, ETC. ONLY",DAMAGED 1 MINIMUM,12,NA,NA,NA,Y,DAVE'S HI-WAY WRECKER SERVICE,"3010 HARDROCK ROAD, GRAND PRAIRIE",NONE,NA,NA,WEST,Y,1,0,0,0,0,1,0
15239066,1,MOTOR VEHICLE,N,N,98,5RYSJ10967J009390,NA,BLK,ALL OTHER MAKES,UNKNOWN,MOTORCYCLE,N,75462,2,NA,RIGHT SIDE AND TOP DAMAGE ROLLOVER EFFECTS,DAMAGED 1 MINIMUM,6,NA,NA,NA,N,DC'S TOWING,325 CLEMENT ROAD,UNDER INFLUENCE - ALCOHOL,NA,DRIVER INATTENTION,EAST,Y,1,0,0,0,0,1,0
15276404,2,MOTOR VEHICLE,N,N,TX,MLHMC4103C5200356,NA,WHI,HONDA,NA,MOTORCYCLE,N,79109,1,PROOF OF LIABILITY INSURANCE,BACK END DAMAGE CONCENTRATED IMPACT,DAMAGED 2,6,NA,NA,NA,N,LEFT ON SCENE,,NONE,NA,NA,WEST,Y,0,0,1,0,0,1,0
15217035,1,MOTOR VEHICLE,N,N,TX,JS1GR7KA472113140,2007,BLK,SUZUKI,NA,MOTORCYCLE,N,78613,1,PROOF OF LIABILITY INSURANCE,DISTRIBUTED RIGHT SIDE DAMAGE PARALLEL IMPACT,DAMAGED 2,4,NA,NA,NA,N,620 LAKESIDE TOWING,620 LAKESIDE TOWING,NONE,NA,NA,NORTH,Y,0,1,0,0,0,1,0
15253886,2,MOTOR VEHICLE,N,N,OK,JKAEXVD135A091309,2005,BLK,KAWASAKI,NA,MOTORCYCLE,N,77060,1,PROOF OF LIABILITY INSURANCE,"MOTORCYCLE, SCOOTER, MOPED, ETC. ONLY",DAMAGED 1 MINIMUM,NA,NA,NA,NA,N,GREENSPOINT TOWING,5901 NORTH FWY,NONE,NA,NA,WEST,Y,0,0,1,0,0,1,0
15260527,3,MOTOR VEHICLE,N,N,TX,1HFSC3216VA200010,1997,BLK,HONDA,NA,MOTORCYCLE,N,78362,1,PROOF OF LIABILITY INSURANCE,DISTRIBUTED LEFT SIDE DAMAGE PARALLEL IMPACT,DAMAGED 1 MINIMUM,12,NA,NA,NA,N,,,NONE,NA,NA,NORTH,N,0,1,0,0,0,1,0
15238263,2,MOTOR VEHICLE,N,N,TX,1N9HW21035N209018,2005,BLK,UNKNOWN,UNKNOWN,MOTORCYCLE,N,77664,1,PROOF OF LIABILITY INSURANCE,"MOTORCYCLE, SCOOTER, MOPED, ETC. ONLY",DAMAGED 1 MINIMUM,NA,NA,NA,NA,N,,,NONE,NA,NA,SOUTH,Y,0,0,0,1,0,0,0
15234985,2,MOTOR VEHICLE,N,N,TX,1HD1BW516BB024859,NA,BLK,HARLEY-DAVIDSON,NA,MOTORCYCLE,N,78228,2,NA,BACK END (LEFT) DAMAGE PARTIAL CONTACT,DAMAGED 2,7,FRONT END (LEFT) DAMAGE PARTIAL CONTACT,DAMAGED 2,11,Y,TEXAS ROADSIDE,GROWDON,NONE,NA,NA,NORTH,Y,0,0,1,0,0,1,0
15243364,1,MOTOR VEHICLE,N,N,TX,JKAZXCJ14FA026156,NA,GRY,KAWASAKI,NA,MOTORCYCLE,N,77026,1,LIABILITY INSURANCE POLICY,"MOTORCYCLE, SCOOTER, MOPED, ETC. ONLY",DAMAGED 1 MINIMUM,NA,NA,NA,NA,N,APPLE TOWING,1301 DART ST,UNDER INFLUENCE - ALCOHOL,NA,NA,EAST,Y,0,0,0,0,0,0,1
15243475,2,MOTOR VEHICLE,N,N,TX,JYARN23E3EA017061,NA,GRY,YAMAHA,NA,MOTORCYCLE,N,77039,1,PROOF OF LIABILITY INSURANCE,"MOTORCYCLE, SCOOTER, MOPED, ETC. ONLY",DAMAGED 1 MINIMUM,NA,NA,NA,NA,N,AIRLINE WRECKER,8050 NORTH FRWY,NONE,NA,NA,EAST,N,0,0,1,0,0,1,0
15288485,2,MOTOR VEHICLE,N,N,TX,1HD4LE214EC428301,NA,BLK,HARLEY-DAVIDSON,NA,MOTORCYCLE,N,75056,1,PROOF OF LIABILITY INSURANCE,BACK END DAMAGE DISTRIBUTED IMPACT,DAMAGED 1 MINIMUM,6,NA,NA,NA,N,DRIVEN AWAY,DRIVER,NONE,NA,NA,SOUTH,Y,0,1,0,0,0,1,0
15268793,2,MOTOR VEHICLE,N,N,TX,1HD1JAB146Y017938,2006,BLK,HARLEY-DAVIDSON,NA,MOTORCYCLE,N,79605,1,PROOF OF LIABILITY INSURANCE,"MOTORCYCLE, SCOOTER, MOPED, ETC. ONLY",DAMAGED 1 MINIMUM,12,NA,NA,NA,N,SUDDEN IMPACT,442 WILLOW,NONE,NA,NA,NORTHEAST,Y,0,1,0,0,0,1,0
15262064,2,MOTOR VEHICLE,N,N,TX,1HD1CGP15XK129304,1999,RED,HARLEY-DAVIDSON,NA,MOTORCYCLE,N,77013,1,LIABILITY INSURANCE POLICY,"MOTORCYCLE, SCOOTER, MOPED, ETC. ONLY",DAMAGED 1 MINIMUM,12,NA,NA,NA,N,EAST HOUSTON TOWING,13836 BONHAM,NONE,NA,NA,WEST,Y,1,0,0,0,0,1,0
15293480,2,MOTOR VEHICLE,N,N,TX,JKAZXCD156A006185,2006,YEL,KAWASAKI,NA,MOTORCYCLE,N,78550,1,PROOF OF LIABILITY INSURANCE,BACK END DAMAGE DISTRIBUTED IMPACT,DAMAGED 2,6,NA,NA,NA,N,DOUBLE A WRECKER,1018 FAIRPARK,NONE,NA,NA,NORTH,Y,0,0,0,0,0,0,1
15235232,2,MOTOR VEHICLE,N,N,TX,1HD1LL313GC406265,NA,BLK,HARLEY-DAVIDSON,NA,MOTORCYCLE,N,78516,1,PROOF OF LIABILITY INSURANCE,RIGHT BACK QUARTER DAMAGE ANGULAR IMPACT,DAMAGED 2,4,LEFT BACK QUARTER DAMAGE ANGULAR IMPACT,DAMAGED 2,7,N,DRIVEN BY DRIVER,PICKED UP BY INSURANCE COMPANY,NONE,NA,NA,WEST,Y,0,1,0,0,0,1,0
15284675,2,MOTOR VEHICLE,N,N,TN,JH2RC50394K010310,2004,RED,HONDA,NA,MOTORCYCLE,N,,2,NA,BACK END DAMAGE CONCENTRATED IMPACT,DAMAGED 3,6,DISTRIBUTED RIGHT SIDE DAMAGE PARALLEL IMPACT,DAMAGED 3,1,Y,SIGNATURE TOWING,"1204 MUNICIPAL AVE, PLANO, TX (124239)",NONE,NA,NA,SOUTH,Y,0,1,0,0,0,1,0
15241636,2,MOTOR VEHICLE,N,N,TX,1HD1FCW116Y639792,2006,BLK,HARLEY-DAVIDSON,UNKNOWN,MOTORCYCLE,N,76111,1,PROOF OF LIABILITY INSURANCE,DISTRIBUTED LEFT SIDE DAMAGE PARALLEL IMPACT,DAMAGED 1 MINIMUM,NA,DISTRIBUTED RIGHT SIDE DAMAGE PARALLEL IMPACT,DAMAGED 1 MINIMUM,NA,N,,,NONE,NA,NA,EAST,Y,0,0,0,1,0,0,0
15281241,2,MOTOR VEHICLE,N,N,TX,1HFSC47H6AA904925,NA,GRY,HONDA,NA,MOTORCYCLE,N,79108,1,PROOF OF LIABILITY INSURANCE,BACK END (RIGHT) DAMAGE PARTIAL CONTACT,DAMAGED 1 MINIMUM,6,NA,NA,NA,N,,,NONE,NA,NA,EAST,Y,0,0,0,1,0,0,0
15394569,2,MOTOR VEHICLE,N,N,TX,JKAZXCJ18DA016274,NA,GRN,KAWASAKI,UNKNOWN,MOTORCYCLE,N,76018,1,PROOF OF LIABILITY INSURANCE,"MOTORCYCLE, SCOOTER, MOPED, ETC. ONLY",DAMAGED 1 MINIMUM,NA,NA,NA,NA,Y,J S WRECKER,WALNUT HILL WRECKER 9724376869,NONE,NA,NA,EAST,Y,0,0,0,0,0,0,1
15241953,1,MOTOR VEHICLE,N,N,TX,1HD1KRM11FB687619,NA,WHI,HARLEY-DAVIDSON,UNKNOWN,MOTORCYCLE,N,79059,1,PROOF OF LIABILITY INSURANCE,LEFT SIDE DAMAGE ANGULAR IMPACT,DAMAGED 2,9,RIGHT SIDE DAMAGE ANGULAR IMPACT,DAMAGED 2,3,N,RELEASED TO OWNER,LEFT ON SCENE WITH PROP OWNER CONSENT,UNSAFE SPEED,NA,NA,SOUTHWEST,Y,0,0,0,1,0,0,0
15242754,2,MOTOR VEHICLE,N,N,TX,1HD1KRM11EB692298,NA,BLK,HARLEY-DAVIDSON,NA,MOTORCYCLE,N,76557,1,PROOF OF LIABILITY INSURANCE,DISTRIBUTED RIGHT SIDE DAMAGE PARALLEL IMPACT,DAMAGED 2,1,LEFT SIDE DAMAGE ANGULAR IMPACT,DAMAGED 2,9,N,MACEDO,204 E MCGREGOR DR MCGREGOR TX 76657,NONE,NA,NA,SOUTH,Y,0,0,0,1,0,0,0
15330079,3,MOTOR VEHICLE,N,N,TX,JH2SC5950DK500219,NA,ONG,HONDA,NA,MOTORCYCLE,N,78541,1,PROOF OF LIABILITY INSURANCE,DISTRIBUTED LEFT SIDE DAMAGE PARALLEL IMPACT,DAMAGED 1 MINIMUM,12,LEFT SIDE DAMAGE ANGULAR IMPACT,DAMAGED 1 MINIMUM,9,N,,,OTHER (EXPLAIN IN NARRATIVE),NA,NA,SOUTHEAST,Y,1,0,0,0,0,1,0
15353342,1,MOTOR VEHICLE,N,N,TX,1HD1GHV122Y320990,2002,BLK,HARLEY-DAVIDSON,UNKNOWN,MOTORCYCLE,N,75252,1,PROOF OF LIABILITY INSURANCE,"MOTORCYCLE, SCOOTER, MOPED, ETC. ONLY",DAMAGED 1 MINIMUM,NA,NA,NA,NA,Y,JR'S AUTOMOTIVE CENTER 9032911816,304 CHEROKEE DR LONGVIEW TX 75604,UNDER INFLUENCE - ALCOHOL,FAILED TO DRIVE IN SINGLE LANE,NA,NORTHWEST,Y,0,0,0,1,0,0,0
15368432,2,MOTOR VEHICLE,N,N,TX,WB1053404EZ308530,NA,WHI,BMW,NA,MOTORCYCLE,N,77583,1,PROOF OF LIABILITY INSURANCE,"MOTORCYCLE, SCOOTER, MOPED, ETC. ONLY",DAMAGED 1 MINIMUM,6,NA,NA,NA,Y,CHAMPION COLLISION CARE,8747 SCHUMACHER,NONE,NA,NA,EAST,Y,1,0,0,0,0,1,0
15375497,1,MOTOR VEHICLE,N,N,TX,JKALZCB12FA003683,NA,ONG,KAWASAKI,UNKNOWN,MOTORCYCLE,N,75472,1,PROOF OF LIABILITY INSURANCE,FRONT END DAMAGE DISTRIBUTED IMPACT,DAMAGED 4,12,NA,NA,NA,N,,,DRIVER INATTENTION,DISREGARD STOP SIGN OR LIGHT,NA,SOUTH,Y,0,0,0,1,0,0,0
15307231,1,MOTOR VEHICLE,N,N,TX,JH2RC44505M802194,2005,BLK,HONDA,NA,MOTORCYCLE,N,75803,1,PROOF OF LIABILITY INSURANCE,"MOTORCYCLE, SCOOTER, MOPED, ETC. ONLY",DAMAGED 1 MINIMUM,12,NA,NA,NA,Y,"SHARPS WRECKER, 903-876-4094","811 W. HWY 175, FRANKSTON, TX",UNDER INFLUENCE - ALCOHOL,PASSED IN NO PASSING LANE,NA,SOUTH,Y,0,0,1,0,0,1,0
15411434,3,MOTOR VEHICLE,Y,N,TX,LB5TMCBD0CZ000077,NA,GRN,ALL OTHER MAKES,UNKNOWN,MOTORCYCLE,N,75204,2,NA,LEFT SIDE DAMAGE ANGULAR IMPACT,DAMAGED 1 MINIMUM,9,NA,NA,NA,N,,,NONE,NA,NA,NORTH,N,0,0,0,0,0,0,0
15431850,1,MOTOR VEHICLE,N,N,TX,WB10597017ZN47096,2007,GRY,BMW,F SERIES,MOTORCYCLE,N,75228,1,PROOF OF LIABILITY INSURANCE,"MOTORCYCLE, SCOOTER, MOPED, ETC. ONLY",DAMAGED 1 MINIMUM,12,NA,NA,NA,Y,S & N TOWING,"442 BALCONES DR., FREDERICKSBURG, TX",ANIMAL ON ROAD- WILD,UNDER INFLUENCE - ALCOHOL,NA,WEST,Y,0,1,0,0,0,1,0
15413514,1,MOTOR VEHICLE,N,N,TX,1HD1BXB1X4Y056708,2004,BLK,HARLEY-DAVIDSON,UNKNOWN,MOTORCYCLE,N,79045,1,LIABILITY INSURANCE POLICY,FRONT END DAMAGE DISTRIBUTED IMPACT,DAMAGED 1 MINIMUM,1,NA,NA,NA,N,NOT TOWED,MOVED BY DRIVER,FOLLOWED TOO CLOSELY,NA,DRIVER INATTENTION,WEST,Y,0,0,0,1,0,0,0